grid_type,game_id,game_event_id,player_id,player_name,team_id,team_name,period,minutes_remaining,seconds_remaining,event_type,action_type,shot_type,shot_zone_basic,shot_zone_area,shot_zone_range,shot_distance,loc_x,loc_y,shot_attempted_flag,shot_made_flag,game_date,htm,vtm,shot_made_numeric,shot_value
Shot Chart Detail,0021400230,156,201228,C.J. Watson,1610612754,Indiana Pacers,2,10,52,Made Shot,Layup Shot,2PT Field Goal,Restricted Area,Center(C),Less Than 8 ft.,1,-1.3,1.5,1,made,2014-11-28,IND,ORL,1,2
Shot Chart Detail,0021400230,168,201228,C.J. Watson,1610612754,Indiana Pacers,2,9,32,Made Shot,Jump Shot,2PT Field Goal,Mid-Range,Left Side Center(LC),16-24 ft.,16,10.5,12.3,1,made,2014-11-28,IND,ORL,1,2
Shot Chart Detail,0021400230,365,201228,C.J. Watson,1610612754,Indiana Pacers,3,1,39,Made Shot,Jump Shot,3PT Field Goal,Above the Break 3,Right Side Center(RC),24+ ft.,25,-14.6,20.5,1,made,2014-11-28,IND,ORL,1,3
Shot Chart Detail,0021400230,413,201228,C.J. Watson,1610612754,Indiana Pacers,4,7,37,Made Shot,Jump Shot,2PT Field Goal,Mid-Range,Left Side Center(LC),16-24 ft.,20,15.8,12.3,1,made,2014-11-28,IND,ORL,1,2
Shot Chart Detail,0021400238,87,201228,C.J. Watson,1610612754,Indiana Pacers,1,4,34,Missed Shot,Jump Shot,2PT Field Goal,In The Paint (Non-RA),Center(C),Less Than 8 ft.,4,0.5,4.1,1,missed,2014-11-29,CLE,IND,0,2
Shot Chart Detail,0021400238,95,201228,C.J. Watson,1610612754,Indiana Pacers,1,3,48,Missed Shot,Running Jump Shot,2PT Field Goal,Restricted Area,Center(C),Less Than 8 ft.,3,0.2,3.3,1,missed,2014-11-29,CLE,IND,0,2
Shot Chart Detail,0021400238,134,201228,C.J. Watson,1610612754,Indiana Pacers,1,0,11,Missed Shot,Jump Shot,3PT Field Goal,Above the Break 3,Center(C),24+ ft.,27,-1.8,27.2,1,missed,2014-11-29,CLE,IND,0,3
Shot Chart Detail,0021400238,151,201228,C.J. Watson,1610612754,Indiana Pacers,2,11,3,Missed Shot,Jump Shot,3PT Field Goal,Right Corner 3,Right Side(R),24+ ft.,23,-23.9,-1.1,1,missed,2014-11-29,CLE,IND,0,3
Shot Chart Detail,0021400238,509,201228,C.J. Watson,1610612754,Indiana Pacers,4,6,0,Made Shot,Layup Shot,2PT Field Goal,Restricted Area,Center(C),Less Than 8 ft.,0,0,0.6,1,made,2014-11-29,CLE,IND,1,2
Shot Chart Detail,0021400238,571,201228,C.J. Watson,1610612754,Indiana Pacers,4,1,53,Made Shot,Jump Shot,3PT Field Goal,Above the Break 3,Left Side Center(LC),24+ ft.,26,22.9,12.4,1,made,2014-11-29,CLE,IND,1,3
Shot Chart Detail,0021400260,102,201228,C.J. Watson,1610612754,Indiana Pacers,1,1,13,Made Shot,Reverse Layup Shot,2PT Field Goal,Restricted Area,Center(C),Less Than 8 ft.,1,1.1,0.3,1,made,2014-12-02,PHX,IND,1,2
Shot Chart Detail,0021400260,107,201228,C.J. Watson,1610612754,Indiana Pacers,1,0,6,Made Shot,Reverse Layup Shot,2PT Field Goal,Restricted Area,Center(C),Less Than 8 ft.,1,-1.5,0.6,1,made,2014-12-02,PHX,IND,1,2
Shot Chart Detail,0021400260,122,201228,C.J. Watson,1610612754,Indiana Pacers,2,10,48,Made Shot,Jump Shot,3PT Field Goal,Above the Break 3,Center(C),24+ ft.,25,0.8,25.4,1,made,2014-12-02,PHX,IND,1,3
Shot Chart Detail,0021400260,149,201228,C.J. Watson,1610612754,Indiana Pacers,2,7,28,Made Shot,Pullup Jump shot,2PT Field Goal,In The Paint (Non-RA),Center(C),8-16 ft.,15,7.6,13.5,1,made,2014-12-02,PHX,IND,1,2
Shot Chart Detail,0021400260,157,201228,C.J. Watson,1610612754,Indiana Pacers,2,6,51,Missed Shot,Jump Shot,2PT Field Goal,Mid-Range,Left Side(L),16-24 ft.,22,21.3,6.6,1,missed,2014-12-02,PHX,IND,0,2
Shot Chart Detail,0021400260,356,201228,C.J. Watson,1610612754,Indiana Pacers,3,1,27,Made Shot,Running Jump Shot,2PT Field Goal,In The Paint (Non-RA),Center(C),Less Than 8 ft.,7,0,7.8,1,made,2014-12-02,PHX,IND,1,2
Shot Chart Detail,0021400260,406,201228,C.J. Watson,1610612754,Indiana Pacers,4,9,19,Missed Shot,Jump Shot,2PT Field Goal,In The Paint (Non-RA),Right Side(R),8-16 ft.,10,-5.8,8.8,1,missed,2014-12-02,PHX,IND,0,2
Shot Chart Detail,0021400260,408,201228,C.J. Watson,1610612754,Indiana Pacers,4,9,12,Missed Shot,Jump Shot,3PT Field Goal,Above the Break 3,Left Side Center(LC),24+ ft.,25,9.2,23.5,1,missed,2014-12-02,PHX,IND,0,3
Shot Chart Detail,0021400260,534,201228,C.J. Watson,1610612754,Indiana Pacers,4,1,40,Missed Shot,Running Jump Shot,2PT Field Goal,In The Paint (Non-RA),Center(C),Less Than 8 ft.,7,3.7,6.3,1,missed,2014-12-02,PHX,IND,0,2
Shot Chart Detail,0021400274,97,201228,C.J. Watson,1610612754,Indiana Pacers,1,1,33,Made Shot,Jump Shot,2PT Field Goal,Mid-Range,Center(C),16-24 ft.,20,-5,19.7,1,made,2014-12-04,POR,IND,1,2
Shot Chart Detail,0021400274,100,201228,C.J. Watson,1610612754,Indiana Pacers,1,1,5,Missed Shot,Jump Shot,2PT Field Goal,In The Paint (Non-RA),Center(C),Less Than 8 ft.,7,6.4,3.4,1,missed,2014-12-04,POR,IND,0,2
Shot Chart Detail,0021400274,128,201228,C.J. Watson,1610612754,Indiana Pacers,2,10,16,Missed Shot,Pullup Jump shot,2PT Field Goal,Mid-Range,Center(C),16-24 ft.,19,-4.8,19.4,1,missed,2014-12-04,POR,IND,0,2
Shot Chart Detail,0021400274,139,201228,C.J. Watson,1610612754,Indiana Pacers,2,8,18,Missed Shot,Jump Shot,2PT Field Goal,In The Paint (Non-RA),Center(C),Less Than 8 ft.,7,7,1.7,1,missed,2014-12-04,POR,IND,0,2
Shot Chart Detail,0021400274,147,201228,C.J. Watson,1610612754,Indiana Pacers,2,7,53,Missed Shot,Running Jump Shot,2PT Field Goal,In The Paint (Non-RA),Center(C),8-16 ft.,9,3.4,9.1,1,missed,2014-12-04,POR,IND,0,2
Shot Chart Detail,0021400274,162,201228,C.J. Watson,1610612754,Indiana Pacers,2,6,47,Missed Shot,Pullup Jump shot,2PT Field Goal,Mid-Range,Left Side Center(LC),16-24 ft.,16,8.4,13.8,1,missed,2014-12-04,POR,IND,0,2
Shot Chart Detail,0021400274,361,201228,C.J. Watson,1610612754,Indiana Pacers,4,10,0,Missed Shot,Jump Shot,2PT Field Goal,Mid-Range,Left Side Center(LC),16-24 ft.,19,10,16.5,1,missed,2014-12-04,POR,IND,0,2
Shot Chart Detail,0021400274,368,201228,C.J. Watson,1610612754,Indiana Pacers,4,9,10,Made Shot,Layup Shot,2PT Field Goal,Restricted Area,Center(C),Less Than 8 ft.,2,0,2,1,made,2014-12-04,POR,IND,1,2
Shot Chart Detail,0021400274,371,201228,C.J. Watson,1610612754,Indiana Pacers,4,8,54,Missed Shot,Layup Shot,2PT Field Goal,Restricted Area,Center(C),Less Than 8 ft.,2,1.1,2,1,missed,2014-12-04,POR,IND,0,2
Shot Chart Detail,0021400274,374,201228,C.J. Watson,1610612754,Indiana Pacers,4,8,27,Missed Shot,Jump Shot,2PT Field Goal,Mid-Range,Right Side Center(RC),16-24 ft.,19,-15.2,12.3,1,missed,2014-12-04,POR,IND,0,2
Shot Chart Detail,0021400274,383,201228,C.J. Watson,1610612754,Indiana Pacers,4,7,40,Missed Shot,Jump Shot,3PT Field Goal,Above the Break 3,Left Side Center(LC),24+ ft.,26,12,23.9,1,missed,2014-12-04,POR,IND,0,3
Shot Chart Detail,0021400274,404,201228,C.J. Watson,1610612754,Indiana Pacers,4,6,24,Missed Shot,Jump Shot,2PT Field Goal,Mid-Range,Left Side(L),16-24 ft.,16,16.1,1.1,1,missed,2014-12-04,POR,IND,0,2
Shot Chart Detail,0021400287,66,201228,C.J. Watson,1610612754,Indiana Pacers,1,4,37,Missed Shot,Jump Shot,2PT Field Goal,Mid-Range,Right Side(R),16-24 ft.,16,-14.6,8,1,missed,2014-12-05,SAC,IND,0,2
Shot Chart Detail,0021400287,114,201228,C.J. Watson,1610612754,Indiana Pacers,1,1,47,Made Shot,Driving Layup Shot,2PT Field Goal,Restricted Area,Center(C),Less Than 8 ft.,1,1.6,0.3,1,made,2014-12-05,SAC,IND,1,2
Shot Chart Detail,0021400287,140,201228,C.J. Watson,1610612754,Indiana Pacers,1,0,0,Missed Shot,Jump Shot,3PT Field Goal,Above the Break 3,Back Court(BC),Back Court Shot,40,-0.9,40,1,missed,2014-12-05,SAC,IND,0,3
Shot Chart Detail,0021400287,145,201228,C.J. Watson,1610612754,Indiana Pacers,2,11,46,Missed Shot,Layup Shot,2PT Field Goal,Restricted Area,Center(C),Less Than 8 ft.,1,1.5,0.4,1,missed,2014-12-05,SAC,IND,0,2
Shot Chart Detail,0021400287,303,201228,C.J. Watson,1610612754,Indiana Pacers,2,0,0,Missed Shot,Jump Shot,3PT Field Goal,Above the Break 3,Right Side Center(RC),24+ ft.,25,-22.6,12.3,1,missed,2014-12-05,SAC,IND,0,3
Shot Chart Detail,0021400287,407,201228,C.J. Watson,1610612754,Indiana Pacers,3,3,45,Made Shot,Jump Shot,2PT Field Goal,Mid-Range,Right Side(R),8-16 ft.,12,-11.9,5,1,made,2014-12-05,SAC,IND,1,2
Shot Chart Detail,0021400287,444,201228,C.J. Watson,1610612754,Indiana Pacers,3,1,6,Missed Shot,Jump Shot,3PT Field Goal,Above the Break 3,Left Side Center(LC),24+ ft.,24,16.4,18.6,1,missed,2014-12-05,SAC,IND,0,3
Shot Chart Detail,0021400287,458,201228,C.J. Watson,1610612754,Indiana Pacers,3,0,6,Made Shot,Driving Layup Shot,2PT Field Goal,Restricted Area,Center(C),Less Than 8 ft.,3,-2.3,2.2,1,made,2014-12-05,SAC,IND,1,2
Shot Chart Detail,0021400287,554,201228,C.J. Watson,1610612754,Indiana Pacers,4,3,36,Missed Shot,Jump Shot,2PT Field Goal,Restricted Area,Center(C),Less Than 8 ft.,3,-3.7,0.9,1,missed,2014-12-05,SAC,IND,0,2
Shot Chart Detail,0021400287,629,201228,C.J. Watson,1610612754,Indiana Pacers,5,2,4,Made Shot,Jump Shot,3PT Field Goal,Above the Break 3,Left Side Center(LC),24+ ft.,26,15.7,21.9,1,made,2014-12-05,SAC,IND,1,3
Shot Chart Detail,0021400287,636,201228,C.J. Watson,1610612754,Indiana Pacers,5,1,3,Made Shot,Jump Bank Shot,2PT Field Goal,Restricted Area,Center(C),Less Than 8 ft.,3,-3.4,1.9,1,made,2014-12-05,SAC,IND,1,2
Shot Chart Detail,0021400301,93,201228,C.J. Watson,1610612754,Indiana Pacers,1,2,2,Missed Shot,Jump Shot,3PT Field Goal,Above the Break 3,Left Side Center(LC),24+ ft.,27,21,17.5,1,missed,2014-12-08,IND,ATL,0,3
Shot Chart Detail,0021400301,107,201228,C.J. Watson,1610612754,Indiana Pacers,1,0,0,Missed Shot,Jump Shot,3PT Field Goal,Backcourt,Back Court(BC),Back Court Shot,47,13.1,45.7,1,missed,2014-12-08,IND,ATL,0,3
Shot Chart Detail,0021400301,347,201228,C.J. Watson,1610612754,Indiana Pacers,3,0,25,Missed Shot,Layup Shot,2PT Field Goal,Restricted Area,Center(C),Less Than 8 ft.,2,-2,0.4,1,missed,2014-12-08,IND,ATL,0,2
Shot Chart Detail,0021400301,368,201228,C.J. Watson,1610612754,Indiana Pacers,4,10,4,Made Shot,Jump Shot,3PT Field Goal,Above the Break 3,Left Side Center(LC),24+ ft.,25,21.3,14.2,1,made,2014-12-08,IND,ATL,1,3
Shot Chart Detail,0021400301,417,201228,C.J. Watson,1610612754,Indiana Pacers,4,6,47,Made Shot,Jump Bank Shot,3PT Field Goal,Above the Break 3,Right Side Center(RC),24+ ft.,27,-9.9,25.2,1,made,2014-12-08,IND,ATL,1,3
Shot Chart Detail,0021400301,436,201228,C.J. Watson,1610612754,Indiana Pacers,4,4,57,Missed Shot,Jump Shot,3PT Field Goal,Above the Break 3,Left Side Center(LC),24+ ft.,26,9.8,24.4,1,missed,2014-12-08,IND,ATL,0,3
Shot Chart Detail,0021400301,455,201228,C.J. Watson,1610612754,Indiana Pacers,4,3,49,Missed Shot,Jump Shot,3PT Field Goal,Above the Break 3,Center(C),24+ ft.,26,-3.1,26.1,1,missed,2014-12-08,IND,ATL,0,3
Shot Chart Detail,0021400317,166,201228,C.J. Watson,1610612754,Indiana Pacers,2,7,13,Missed Shot,Jump Shot,3PT Field Goal,Above the Break 3,Left Side Center(LC),24+ ft.,25,18.5,18.1,1,missed,2014-12-10,IND,LAC,0,3
Shot Chart Detail,0021400317,367,201228,C.J. Watson,1610612754,Indiana Pacers,3,0,1,Missed Shot,Jump Shot,2PT Field Goal,In The Paint (Non-RA),Left Side(L),8-16 ft.,13,6.7,11.3,1,missed,2014-12-10,IND,LAC,0,2
Shot Chart Detail,0021400317,409,201228,C.J. Watson,1610612754,Indiana Pacers,4,7,35,Missed Shot,Jump Shot,2PT Field Goal,In The Paint (Non-RA),Center(C),Less Than 8 ft.,6,-4.7,4.2,1,missed,2014-12-10,IND,LAC,0,2
Shot Chart Detail,0021400317,431,201228,C.J. Watson,1610612754,Indiana Pacers,4,6,20,Missed Shot,Jump Shot,2PT Field Goal,Mid-Range,Left Side Center(LC),16-24 ft.,19,13.4,14,1,missed,2014-12-10,IND,LAC,0,2
Shot Chart Detail,0021400317,437,201228,C.J. Watson,1610612754,Indiana Pacers,4,6,12,Made Shot,Layup Shot,2PT Field Goal,Restricted Area,Center(C),Less Than 8 ft.,1,-1.2,-0.8,1,made,2014-12-10,IND,LAC,1,2
Shot Chart Detail,0021400317,442,201228,C.J. Watson,1610612754,Indiana Pacers,4,5,32,Missed Shot,Jump Shot,2PT Field Goal,Mid-Range,Right Side Center(RC),16-24 ft.,19,-12.2,15.3,1,missed,2014-12-10,IND,LAC,0,2
Shot Chart Detail,0021400317,502,201228,C.J. Watson,1610612754,Indiana Pacers,4,0,19,Missed Shot,Jump Shot,3PT Field Goal,Above the Break 3,Center(C),24+ ft.,25,7.3,24.2,1,missed,2014-12-10,IND,LAC,0,3
Shot Chart Detail,0021400333,20,201228,C.J. Watson,1610612754,Indiana Pacers,1,9,54,Missed Shot,Jump Shot,2PT Field Goal,Mid-Range,Right Side(R),8-16 ft.,15,-15.5,-0.6,1,missed,2014-12-12,TOR,IND,0,2
Shot Chart Detail,0021400333,64,201228,C.J. Watson,1610612754,Indiana Pacers,1,6,25,Made Shot,Pullup Jump shot,3PT Field Goal,Above the Break 3,Center(C),24+ ft.,25,2.3,25.8,1,made,2014-12-12,TOR,IND,1,3
Shot Chart Detail,0021400333,67,201228,C.J. Watson,1610612754,Indiana Pacers,1,5,59,Made Shot,Driving Layup Shot,2PT Field Goal,Restricted Area,Center(C),Less Than 8 ft.,2,-2.1,-0.6,1,made,2014-12-12,TOR,IND,1,2
Shot Chart Detail,0021400333,77,201228,C.J. Watson,1610612754,Indiana Pacers,1,4,52,Missed Shot,Driving Jump shot,2PT Field Goal,In The Paint (Non-RA),Center(C),Less Than 8 ft.,7,-5.6,4.7,1,missed,2014-12-12,TOR,IND,0,2
Shot Chart Detail,0021400333,95,201228,C.J. Watson,1610612754,Indiana Pacers,1,3,44,Missed Shot,Step Back Jump shot,2PT Field Goal,Mid-Range,Center(C),16-24 ft.,20,4.1,20.5,1,missed,2014-12-12,TOR,IND,0,2
Shot Chart Detail,0021400333,104,201228,C.J. Watson,1610612754,Indiana Pacers,1,3,13,Made Shot,Floating Jump shot,2PT Field Goal,In The Paint (Non-RA),Center(C),Less Than 8 ft.,5,3.4,4.1,1,made,2014-12-12,TOR,IND,1,2
Shot Chart Detail,0021400333,112,201228,C.J. Watson,1610612754,Indiana Pacers,1,2,8,Missed Shot,Driving Layup Shot,2PT Field Goal,In The Paint (Non-RA),Center(C),Less Than 8 ft.,5,4.8,1.5,1,missed,2014-12-12,TOR,IND,0,2
Shot Chart Detail,0021400333,263,201228,C.J. Watson,1610612754,Indiana Pacers,2,2,6,Missed Shot,Jump Shot,3PT Field Goal,Right Corner 3,Right Side(R),24+ ft.,24,-24.1,3.7,1,missed,2014-12-12,TOR,IND,0,3
Shot Chart Detail,0021400333,314,201228,C.J. Watson,1610612754,Indiana Pacers,3,9,57,Made Shot,Jump Shot,3PT Field Goal,Left Corner 3,Left Side(L),24+ ft.,23,23.4,0.4,1,made,2014-12-12,TOR,IND,1,3
Shot Chart Detail,0021400333,334,201228,C.J. Watson,1610612754,Indiana Pacers,3,7,23,Made Shot,Driving Layup Shot,2PT Field Goal,Restricted Area,Center(C),Less Than 8 ft.,2,2.7,0,1,made,2014-12-12,TOR,IND,1,2
Shot Chart Detail,0021400333,345,201228,C.J. Watson,1610612754,Indiana Pacers,3,7,1,Missed Shot,Driving Jump shot,2PT Field Goal,Mid-Range,Right Side(R),8-16 ft.,11,-11,2.2,1,missed,2014-12-12,TOR,IND,0,2
Shot Chart Detail,0021400333,353,201228,C.J. Watson,1610612754,Indiana Pacers,3,6,16,Missed Shot,Jump Shot,3PT Field Goal,Left Corner 3,Left Side(L),24+ ft.,22,22.8,-1.9,1,missed,2014-12-12,TOR,IND,0,3
Shot Chart Detail,0021400333,401,201228,C.J. Watson,1610612754,Indiana Pacers,3,1,13,Missed Shot,Floating Jump shot,2PT Field Goal,In The Paint (Non-RA),Center(C),Less Than 8 ft.,7,7.6,1.2,1,missed,2014-12-12,TOR,IND,0,2
Shot Chart Detail,0021400333,475,201228,C.J. Watson,1610612754,Indiana Pacers,4,6,53,Missed Shot,Jump Shot,3PT Field Goal,Above the Break 3,Right Side Center(RC),24+ ft.,26,-17.6,19.7,1,missed,2014-12-12,TOR,IND,0,3
Shot Chart Detail,0021400342,25,201228,C.J. Watson,1610612754,Indiana Pacers,1,9,28,Missed Shot,Layup Shot,2PT Field Goal,Restricted Area,Center(C),Less Than 8 ft.,2,-2.6,1.1,1,missed,2014-12-13,IND,POR,0,2
Shot Chart Detail,0021400342,34,201228,C.J. Watson,1610612754,Indiana Pacers,1,8,18,Made Shot,Jump Shot,3PT Field Goal,Above the Break 3,Left Side Center(LC),24+ ft.,26,11.2,24.1,1,made,2014-12-13,IND,POR,1,3
Shot Chart Detail,0021400342,52,201228,C.J. Watson,1610612754,Indiana Pacers,1,6,32,Made Shot,Jump Shot,3PT Field Goal,Right Corner 3,Right Side(R),24+ ft.,23,-23.3,2.8,1,made,2014-12-13,IND,POR,1,3
Shot Chart Detail,0021400342,232,201228,C.J. Watson,1610612754,Indiana Pacers,2,1,35,Missed Shot,Jump Shot,2PT Field Goal,Mid-Range,Left Side Center(LC),16-24 ft.,17,7.5,16,1,missed,2014-12-13,IND,POR,0,2
Shot Chart Detail,0021400342,295,201228,C.J. Watson,1610612754,Indiana Pacers,3,7,6,Made Shot,Jump Shot,2PT Field Goal,Mid-Range,Right Side(R),8-16 ft.,14,-14.6,2,1,made,2014-12-13,IND,POR,1,2
Shot Chart Detail,0021400342,310,201228,C.J. Watson,1610612754,Indiana Pacers,3,4,54,Made Shot,Jump Shot,2PT Field Goal,Mid-Range,Left Side(L),8-16 ft.,15,14.1,5.8,1,made,2014-12-13,IND,POR,1,2
Shot Chart Detail,0021400342,318,201228,C.J. Watson,1610612754,Indiana Pacers,3,3,57,Made Shot,Jump Shot,3PT Field Goal,Above the Break 3,Left Side Center(LC),24+ ft.,24,12.8,21.1,1,made,2014-12-13,IND,POR,1,3
Shot Chart Detail,0021400342,325,201228,C.J. Watson,1610612754,Indiana Pacers,3,3,2,Made Shot,Jump Shot,2PT Field Goal,Mid-Range,Left Side Center(LC),16-24 ft.,18,8.7,16.8,1,made,2014-12-13,IND,POR,1,2
Shot Chart Detail,0021400342,368,201228,C.J. Watson,1610612754,Indiana Pacers,3,0,0,Missed Shot,Jump Shot,3PT Field Goal,Above the Break 3,Right Side Center(RC),24+ ft.,27,-24.4,13.4,1,missed,2014-12-13,IND,POR,0,3
Shot Chart Detail,0021400342,433,201228,C.J. Watson,1610612754,Indiana Pacers,4,5,56,Made Shot,Jump Shot,2PT Field Goal,Mid-Range,Right Side(R),16-24 ft.,17,-17.6,3,1,made,2014-12-13,IND,POR,1,2
Shot Chart Detail,0021400342,447,201228,C.J. Watson,1610612754,Indiana Pacers,4,4,49,Made Shot,Jump Shot,3PT Field Goal,Right Corner 3,Right Side(R),24+ ft.,23,-23.4,2.2,1,made,2014-12-13,IND,POR,1,3
Shot Chart Detail,0021400356,23,201228,C.J. Watson,1610612754,Indiana Pacers,1,8,42,Made Shot,Layup Shot,2PT Field Goal,Restricted Area,Center(C),Less Than 8 ft.,0,-0.4,0.3,1,made,2014-12-15,IND,LAL,1,2
Shot Chart Detail,0021400356,259,201228,C.J. Watson,1610612754,Indiana Pacers,2,2,1,Made Shot,Jump Shot,2PT Field Goal,Mid-Range,Right Side(R),16-24 ft.,21,-20.6,5.2,1,made,2014-12-15,IND,LAL,1,2
Shot Chart Detail,0021400356,327,201228,C.J. Watson,1610612754,Indiana Pacers,3,7,5,Made Shot,Jump Shot,2PT Field Goal,Mid-Range,Right Side Center(RC),16-24 ft.,17,-13.6,11,1,made,2014-12-15,IND,LAL,1,2
Shot Chart Detail,0021400377,35,201228,C.J. Watson,1610612754,Indiana Pacers,1,7,40,Missed Shot,Floating Jump shot,2PT Field Goal,Mid-Range,Right Side(R),8-16 ft.,10,-10,3.3,1,missed,2014-12-17,LAC,IND,0,2
Shot Chart Detail,0021400377,229,201228,C.J. Watson,1610612754,Indiana Pacers,2,2,14,Made Shot,Floating Jump shot,2PT Field Goal,In The Paint (Non-RA),Center(C),8-16 ft.,13,0.8,13.8,1,made,2014-12-17,LAC,IND,1,2
Shot Chart Detail,0021400377,311,201228,C.J. Watson,1610612754,Indiana Pacers,3,9,32,Missed Shot,Jump Shot,3PT Field Goal,Above the Break 3,Left Side Center(LC),24+ ft.,24,12.3,21.1,1,missed,2014-12-17,LAC,IND,0,3
Shot Chart Detail,0021400377,335,201228,C.J. Watson,1610612754,Indiana Pacers,3,7,16,Made Shot,Jump Shot,2PT Field Goal,Mid-Range,Right Side(R),8-16 ft.,10,-10.2,1.9,1,made,2014-12-17,LAC,IND,1,2
Shot Chart Detail,0021400377,367,201228,C.J. Watson,1610612754,Indiana Pacers,3,4,9,Missed Shot,Jump Shot,3PT Field Goal,Above the Break 3,Left Side Center(LC),24+ ft.,24,13.1,20.5,1,missed,2014-12-17,LAC,IND,0,3
Shot Chart Detail,0021400377,375,201228,C.J. Watson,1610612754,Indiana Pacers,3,3,47,Missed Shot,Jump Shot,2PT Field Goal,Mid-Range,Left Side(L),8-16 ft.,12,11.9,3.6,1,missed,2014-12-17,LAC,IND,0,2
Shot Chart Detail,0021400377,518,201228,C.J. Watson,1610612754,Indiana Pacers,4,5,2,Missed Shot,Jump Shot,3PT Field Goal,Left Corner 3,Left Side(L),24+ ft.,23,23.9,1.2,1,missed,2014-12-17,LAC,IND,0,3
Shot Chart Detail,0021400377,525,201228,C.J. Watson,1610612754,Indiana Pacers,4,4,35,Missed Shot,Running Bank shot,2PT Field Goal,Mid-Range,Right Side(R),8-16 ft.,10,-9.7,3.9,1,missed,2014-12-17,LAC,IND,0,2
Shot Chart Detail,0021400377,601,201228,C.J. Watson,1610612754,Indiana Pacers,4,0,3,Made Shot,Driving Layup Shot,2PT Field Goal,Restricted Area,Center(C),Less Than 8 ft.,2,2.3,0.3,1,made,2014-12-17,LAC,IND,1,2
Shot Chart Detail,0021400407,31,201228,C.J. Watson,1610612754,Indiana Pacers,1,8,54,Missed Shot,Jump Shot,2PT Field Goal,In The Paint (Non-RA),Right Side(R),8-16 ft.,12,-7.8,9.9,1,missed,2014-12-21,MIN,IND,0,2
Shot Chart Detail,0021400407,43,201228,C.J. Watson,1610612754,Indiana Pacers,1,7,9,Missed Shot,Running Jump Shot,2PT Field Goal,In The Paint (Non-RA),Center(C),8-16 ft.,8,3.4,7.5,1,missed,2014-12-21,MIN,IND,0,2
Shot Chart Detail,0021400407,77,201228,C.J. Watson,1610612754,Indiana Pacers,1,3,8,Missed Shot,Jump Shot,3PT Field Goal,Right Corner 3,Right Side(R),24+ ft.,25,-24.4,7.2,1,missed,2014-12-21,MIN,IND,0,3
Shot Chart Detail,0021400407,94,201228,C.J. Watson,1610612754,Indiana Pacers,1,0,47,Missed Shot,Jump Shot,2PT Field Goal,Mid-Range,Left Side(L),8-16 ft.,14,11.1,9.1,1,missed,2014-12-21,MIN,IND,0,2
Shot Chart Detail,0021400407,179,201228,C.J. Watson,1610612754,Indiana Pacers,2,3,18,Made Shot,Pullup Jump shot,2PT Field Goal,Mid-Range,Left Side Center(LC),16-24 ft.,19,9.5,17,1,made,2014-12-21,MIN,IND,1,2
Shot Chart Detail,0021400407,222,201228,C.J. Watson,1610612754,Indiana Pacers,3,11,44,Made Shot,Jump Shot,3PT Field Goal,Above the Break 3,Center(C),24+ ft.,24,-0.9,24.1,1,made,2014-12-21,MIN,IND,1,3
Shot Chart Detail,0021400407,238,201228,C.J. Watson,1610612754,Indiana Pacers,3,9,51,Made Shot,Driving Layup Shot,2PT Field Goal,Restricted Area,Center(C),Less Than 8 ft.,0,-0.1,-0.2,1,made,2014-12-21,MIN,IND,1,2
Shot Chart Detail,0021400407,245,201228,C.J. Watson,1610612754,Indiana Pacers,3,9,2,Missed Shot,Jump Shot,2PT Field Goal,Mid-Range,Left Side Center(LC),16-24 ft.,18,14.4,12.1,1,missed,2014-12-21,MIN,IND,0,2
Shot Chart Detail,0021400407,295,201228,C.J. Watson,1610612754,Indiana Pacers,3,5,2,Missed Shot,Jump Shot,2PT Field Goal,Mid-Range,Right Side(R),16-24 ft.,16,-16,5.6,1,missed,2014-12-21,MIN,IND,0,2
Shot Chart Detail,0021400417,24,201228,C.J. Watson,1610612754,Indiana Pacers,1,9,40,Made Shot,Layup Shot,2PT Field Goal,Restricted Area,Center(C),Less Than 8 ft.,2,2.1,0.1,1,made,2014-12-23,IND,NOP,1,2
Shot Chart Detail,0021400417,37,201228,C.J. Watson,1610612754,Indiana Pacers,1,8,8,Missed Shot,Jump Shot,3PT Field Goal,Above the Break 3,Center(C),24+ ft.,25,-5.6,25,1,missed,2014-12-23,IND,NOP,0,3
Shot Chart Detail,0021400417,186,201228,C.J. Watson,1610612754,Indiana Pacers,2,4,25,Made Shot,Pullup Jump shot,2PT Field Goal,Mid-Range,Left Side Center(LC),16-24 ft.,18,12,14.6,1,made,2014-12-23,IND,NOP,1,2
Shot Chart Detail,0021400417,197,201228,C.J. Watson,1610612754,Indiana Pacers,2,3,12,Missed Shot,Jump Shot,3PT Field Goal,Right Corner 3,Right Side(R),24+ ft.,23,-23.3,0.3,1,missed,2014-12-23,IND,NOP,0,3
Shot Chart Detail,0021400417,242,201228,C.J. Watson,1610612754,Indiana Pacers,3,11,45,Missed Shot,Jump Shot,3PT Field Goal,Above the Break 3,Center(C),24+ ft.,26,-7.7,25.2,1,missed,2014-12-23,IND,NOP,0,3
Shot Chart Detail,0021400417,273,201228,C.J. Watson,1610612754,Indiana Pacers,3,6,59,Made Shot,Driving Layup Shot,2PT Field Goal,Restricted Area,Center(C),Less Than 8 ft.,1,1.1,0,1,made,2014-12-23,IND,NOP,1,2
Shot Chart Detail,0021400417,287,201228,C.J. Watson,1610612754,Indiana Pacers,3,4,58,Made Shot,Layup Shot,2PT Field Goal,Restricted Area,Center(C),Less Than 8 ft.,0,-0.6,0.7,1,made,2014-12-23,IND,NOP,1,2
Shot Chart Detail,0021400417,292,201228,C.J. Watson,1610612754,Indiana Pacers,3,3,57,Missed Shot,Jump Shot,2PT Field Goal,Mid-Range,Center(C),8-16 ft.,15,-2.1,15.3,1,missed,2014-12-23,IND,NOP,0,2
Shot Chart Detail,0021400417,431,201228,C.J. Watson,1610612754,Indiana Pacers,4,3,31,Missed Shot,Jump Shot,2PT Field Goal,Mid-Range,Left Side(L),8-16 ft.,8,8.1,1.4,1,missed,2014-12-23,IND,NOP,0,2
Shot Chart Detail,0021400417,434,201228,C.J. Watson,1610612754,Indiana Pacers,4,2,53,Made Shot,Jump Shot,2PT Field Goal,Mid-Range,Center(C),16-24 ft.,16,-0.7,16.4,1,made,2014-12-23,IND,NOP,1,2
Shot Chart Detail,0021400435,31,201228,C.J. Watson,1610612754,Indiana Pacers,1,8,40,Made Shot,Jump Shot,3PT Field Goal,Right Corner 3,Right Side(R),24+ ft.,22,-22.6,3,1,made,2014-12-26,DET,IND,1,3
Shot Chart Detail,0021400435,72,201228,C.J. Watson,1610612754,Indiana Pacers,1,4,16,Missed Shot,Jump Shot,2PT Field Goal,In The Paint (Non-RA),Center(C),8-16 ft.,13,1.1,13.1,1,missed,2014-12-26,DET,IND,0,2
Shot Chart Detail,0021400435,203,201228,C.J. Watson,1610612754,Indiana Pacers,2,1,44,Made Shot,Jump Shot,2PT Field Goal,Mid-Range,Right Side(R),16-24 ft.,19,-18.5,4.8,1,made,2014-12-26,DET,IND,1,2
Shot Chart Detail,0021400435,223,201228,C.J. Watson,1610612754,Indiana Pacers,2,0,2,Missed Shot,Jump Shot,3PT Field Goal,Left Corner 3,Left Side(L),24+ ft.,23,23.1,3.4,1,missed,2014-12-26,DET,IND,0,3
Shot Chart Detail,0021400435,287,201228,C.J. Watson,1610612754,Indiana Pacers,3,7,20,Made Shot,Driving Layup Shot,2PT Field Goal,Restricted Area,Center(C),Less Than 8 ft.,0,0.2,0.3,1,made,2014-12-26,DET,IND,1,2
Shot Chart Detail,0021400435,309,201228,C.J. Watson,1610612754,Indiana Pacers,3,5,52,Made Shot,Jump Shot,2PT Field Goal,Mid-Range,Right Side(R),8-16 ft.,14,-14.6,3,1,made,2014-12-26,DET,IND,1,2
Shot Chart Detail,0021400435,335,201228,C.J. Watson,1610612754,Indiana Pacers,3,3,31,Made Shot,Jump Shot,2PT Field Goal,Mid-Range,Left Side(L),16-24 ft.,16,14.7,6.9,1,made,2014-12-26,DET,IND,1,2
Shot Chart Detail,0021400435,452,201228,C.J. Watson,1610612754,Indiana Pacers,4,4,34,Made Shot,Jump Shot,3PT Field Goal,Above the Break 3,Center(C),24+ ft.,26,4.8,25.8,1,made,2014-12-26,DET,IND,1,3
Shot Chart Detail,0021400448,204,201228,C.J. Watson,1610612754,Indiana Pacers,2,5,19,Made Shot,Jump Shot,2PT Field Goal,Mid-Range,Left Side(L),16-24 ft.,19,19.8,-0.6,1,made,2014-12-27,BKN,IND,1,2
Shot Chart Detail,0021400448,351,201228,C.J. Watson,1610612754,Indiana Pacers,3,5,16,Made Shot,Jump Shot,3PT Field Goal,Right Corner 3,Right Side(R),24+ ft.,23,-23.4,-1.6,1,made,2014-12-27,BKN,IND,1,3
Shot Chart Detail,0021400448,391,201228,C.J. Watson,1610612754,Indiana Pacers,3,0,43,Made Shot,Floating Jump shot,2PT Field Goal,In The Paint (Non-RA),Center(C),8-16 ft.,8,1.5,8.3,1,made,2014-12-27,BKN,IND,1,2
Shot Chart Detail,0021400448,406,201228,C.J. Watson,1610612754,Indiana Pacers,4,11,30,Made Shot,Driving Layup Shot,2PT Field Goal,Restricted Area,Center(C),Less Than 8 ft.,1,-1.3,0.3,1,made,2014-12-27,BKN,IND,1,2
Shot Chart Detail,0021400448,427,201228,C.J. Watson,1610612754,Indiana Pacers,4,8,48,Missed Shot,Pullup Jump shot,2PT Field Goal,Mid-Range,Left Side Center(LC),16-24 ft.,19,10.6,16.2,1,missed,2014-12-27,BKN,IND,0,2
Shot Chart Detail,0021400448,449,201228,C.J. Watson,1610612754,Indiana Pacers,4,7,3,Missed Shot,Jump Shot,3PT Field Goal,Above the Break 3,Left Side Center(LC),24+ ft.,24,20.4,13.4,1,missed,2014-12-27,BKN,IND,0,3
Shot Chart Detail,0021400448,479,201228,C.J. Watson,1610612754,Indiana Pacers,4,3,39,Missed Shot,Jump Shot,2PT Field Goal,Mid-Range,Right Side Center(RC),16-24 ft.,18,-14.1,11.5,1,missed,2014-12-27,BKN,IND,0,2
Shot Chart Detail,0021400448,511,201228,C.J. Watson,1610612754,Indiana Pacers,4,1,41,Made Shot,Jump Shot,3PT Field Goal,Above the Break 3,Left Side Center(LC),24+ ft.,24,16.4,18.7,1,made,2014-12-27,BKN,IND,1,3
Shot Chart Detail,0021400448,514,201228,C.J. Watson,1610612754,Indiana Pacers,4,1,10,Made Shot,Layup Shot,2PT Field Goal,Restricted Area,Center(C),Less Than 8 ft.,2,-2.9,-0.5,1,made,2014-12-27,BKN,IND,1,2
Shot Chart Detail,0021400448,519,201228,C.J. Watson,1610612754,Indiana Pacers,4,0,28,Made Shot,Jump Shot,3PT Field Goal,Above the Break 3,Right Side Center(RC),24+ ft.,24,-15.5,18.7,1,made,2014-12-27,BKN,IND,1,3
Shot Chart Detail,0021400460,98,201228,C.J. Watson,1610612754,Indiana Pacers,1,0,23,Missed Shot,Jump Shot,2PT Field Goal,Mid-Range,Right Side(R),16-24 ft.,17,-17.9,-0.3,1,missed,2014-12-29,IND,CHI,0,2
Shot Chart Detail,0021400460,163,201228,C.J. Watson,1610612754,Indiana Pacers,2,7,32,Made Shot,Fadeaway Jump Shot,2PT Field Goal,Mid-Range,Right Side(R),8-16 ft.,9,-9.9,0.6,1,made,2014-12-29,IND,CHI,1,2
Shot Chart Detail,0021400460,361,201228,C.J. Watson,1610612754,Indiana Pacers,3,1,51,Missed Shot,Jump Shot,3PT Field Goal,Above the Break 3,Right Side Center(RC),24+ ft.,26,-20.4,17.5,1,missed,2014-12-29,IND,CHI,0,3
Shot Chart Detail,0021400460,483,201228,C.J. Watson,1610612754,Indiana Pacers,4,4,57,Missed Shot,Jump Shot,2PT Field Goal,Mid-Range,Left Side(L),8-16 ft.,9,9.5,0.4,1,missed,2014-12-29,IND,CHI,0,2
Shot Chart Detail,0021400460,491,201228,C.J. Watson,1610612754,Indiana Pacers,4,3,45,Missed Shot,Jump Shot,2PT Field Goal,Mid-Range,Left Side Center(LC),16-24 ft.,19,14.7,12.3,1,missed,2014-12-29,IND,CHI,0,2
Shot Chart Detail,0021400460,531,201228,C.J. Watson,1610612754,Indiana Pacers,4,0,31,Missed Shot,Jump Shot,3PT Field Goal,Left Corner 3,Left Side(L),24+ ft.,22,22.8,0.1,1,missed,2014-12-29,IND,CHI,0,3
Shot Chart Detail,0021400460,540,201228,C.J. Watson,1610612754,Indiana Pacers,4,0,0,Missed Shot,Jump Shot,3PT Field Goal,Left Corner 3,Left Side(L),24+ ft.,23,23.7,-1.1,1,missed,2014-12-29,IND,CHI,0,3
Shot Chart Detail,0021400476,158,201228,C.J. Watson,1610612754,Indiana Pacers,2,8,18,Made Shot,Layup Shot,2PT Field Goal,Restricted Area,Center(C),Less Than 8 ft.,0,-0.9,0.3,1,made,2014-12-31,IND,MIA,1,2
Shot Chart Detail,0021400476,170,201228,C.J. Watson,1610612754,Indiana Pacers,2,5,53,Made Shot,Running Bank shot,2PT Field Goal,Mid-Range,Left Side(L),8-16 ft.,9,9.2,3,1,made,2014-12-31,IND,MIA,1,2
Shot Chart Detail,0021400476,181,201228,C.J. Watson,1610612754,Indiana Pacers,2,4,57,Missed Shot,Jump Shot,2PT Field Goal,Mid-Range,Right Side Center(RC),16-24 ft.,19,-6.9,17.8,1,missed,2014-12-31,IND,MIA,0,2
Shot Chart Detail,0021400476,371,201228,C.J. Watson,1610612754,Indiana Pacers,4,11,32,Made Shot,Jump Shot,3PT Field Goal,Above the Break 3,Left Side Center(LC),24+ ft.,25,9.7,23.6,1,made,2014-12-31,IND,MIA,1,3
Shot Chart Detail,0021400516,27,201228,C.J. Watson,1610612754,Indiana Pacers,1,8,44,Made Shot,Jump Shot,3PT Field Goal,Above the Break 3,Right Side Center(RC),24+ ft.,24,-21.1,13.4,1,made,2015-01-05,UTA,IND,1,3
Shot Chart Detail,0021400516,228,201228,C.J. Watson,1610612754,Indiana Pacers,3,10,39,Made Shot,Jump Shot,3PT Field Goal,Above the Break 3,Right Side Center(RC),24+ ft.,24,-14,20.5,1,made,2015-01-05,UTA,IND,1,3
Shot Chart Detail,0021400516,252,201228,C.J. Watson,1610612754,Indiana Pacers,3,8,8,Missed Shot,Jump Shot,3PT Field Goal,Right Corner 3,Right Side(R),24+ ft.,23,-23.3,1.1,1,missed,2015-01-05,UTA,IND,0,3
Shot Chart Detail,0021400516,269,201228,C.J. Watson,1610612754,Indiana Pacers,3,5,51,Missed Shot,Jump Shot,2PT Field Goal,Mid-Range,Right Side(R),8-16 ft.,8,-8.3,1.1,1,missed,2015-01-05,UTA,IND,0,2
Shot Chart Detail,0021400516,330,201228,C.J. Watson,1610612754,Indiana Pacers,3,1,36,Missed Shot,Jump Shot,2PT Field Goal,Mid-Range,Left Side Center(LC),16-24 ft.,22,13.8,18.1,1,missed,2015-01-05,UTA,IND,0,2
Shot Chart Detail,0021400533,416,201228,C.J. Watson,1610612754,Indiana Pacers,4,6,54,Missed Shot,Pullup Jump shot,3PT Field Goal,Above the Break 3,Left Side Center(LC),24+ ft.,26,18.5,19.4,1,missed,2015-01-07,GSW,IND,0,3
Shot Chart Detail,0021400533,466,201228,C.J. Watson,1610612754,Indiana Pacers,4,3,26,Missed Shot,Pullup Jump shot,3PT Field Goal,Above the Break 3,Left Side Center(LC),24+ ft.,25,10.1,23,1,missed,2015-01-07,GSW,IND,0,3
Shot Chart Detail,0021400533,470,201228,C.J. Watson,1610612754,Indiana Pacers,4,2,45,Missed Shot,Jump Shot,3PT Field Goal,Right Corner 3,Right Side(R),24+ ft.,23,-23.4,0.6,1,missed,2015-01-07,GSW,IND,0,3
Shot Chart Detail,0021400538,23,201228,C.J. Watson,1610612754,Indiana Pacers,1,9,28,Missed Shot,Reverse Layup Shot,2PT Field Goal,Restricted Area,Center(C),Less Than 8 ft.,0,-0.6,0.3,1,missed,2015-01-09,IND,BOS,0,2
Shot Chart Detail,0021400538,27,201228,C.J. Watson,1610612754,Indiana Pacers,1,8,54,Missed Shot,Jump Shot,3PT Field Goal,Right Corner 3,Right Side(R),24+ ft.,23,-23.3,1.9,1,missed,2015-01-09,IND,BOS,0,3
Shot Chart Detail,0021400538,55,201228,C.J. Watson,1610612754,Indiana Pacers,1,6,16,Made Shot,Jump Shot,3PT Field Goal,Right Corner 3,Right Side(R),24+ ft.,23,-23.4,4.7,1,made,2015-01-09,IND,BOS,1,3
Shot Chart Detail,0021400538,233,201228,C.J. Watson,1610612754,Indiana Pacers,2,1,22,Made Shot,Pullup Jump shot,2PT Field Goal,Mid-Range,Center(C),16-24 ft.,19,0.5,19.8,1,made,2015-01-09,IND,BOS,1,2
Shot Chart Detail,0021400538,265,201228,C.J. Watson,1610612754,Indiana Pacers,3,11,15,Missed Shot,Reverse Layup Shot,2PT Field Goal,Restricted Area,Center(C),Less Than 8 ft.,1,-1.2,0.9,1,missed,2015-01-09,IND,BOS,0,2
Shot Chart Detail,0021400538,501,201228,C.J. Watson,1610612754,Indiana Pacers,4,1,5,Made Shot,Jump Shot,2PT Field Goal,Mid-Range,Right Side Center(RC),16-24 ft.,20,-16,13.5,1,made,2015-01-09,IND,BOS,1,2
Shot Chart Detail,0021400538,570,201228,C.J. Watson,1610612754,Indiana Pacers,5,4,38,Made Shot,Jump Shot,3PT Field Goal,Left Corner 3,Left Side(L),24+ ft.,23,23.7,1.1,1,made,2015-01-09,IND,BOS,1,3
Shot Chart Detail,0021400538,584,201228,C.J. Watson,1610612754,Indiana Pacers,5,2,30,Missed Shot,Layup Shot,2PT Field Goal,Restricted Area,Center(C),Less Than 8 ft.,2,-1.8,2.3,1,missed,2015-01-09,IND,BOS,0,2
Shot Chart Detail,0021400552,17,201228,C.J. Watson,1610612754,Indiana Pacers,1,9,50,Missed Shot,Jump Shot,2PT Field Goal,Mid-Range,Right Side Center(RC),16-24 ft.,18,-13,12.7,1,missed,2015-01-10,PHI,IND,0,2
Shot Chart Detail,0021400552,47,201228,C.J. Watson,1610612754,Indiana Pacers,1,6,43,Missed Shot,Jump Shot,3PT Field Goal,Above the Break 3,Left Side Center(LC),24+ ft.,26,19.6,18.1,1,missed,2015-01-10,PHI,IND,0,3
Shot Chart Detail,0021400552,53,201228,C.J. Watson,1610612754,Indiana Pacers,1,5,52,Missed Shot,Jump Shot,2PT Field Goal,Restricted Area,Center(C),Less Than 8 ft.,3,0.8,3.4,1,missed,2015-01-10,PHI,IND,0,2
Shot Chart Detail,0021400552,63,201228,C.J. Watson,1610612754,Indiana Pacers,1,4,54,Made Shot,Jump Shot,3PT Field Goal,Above the Break 3,Center(C),24+ ft.,24,-0.1,24.2,1,made,2015-01-10,PHI,IND,1,3
Shot Chart Detail,0021400552,88,201228,C.J. Watson,1610612754,Indiana Pacers,1,3,11,Made Shot,Jump Shot,2PT Field Goal,Mid-Range,Left Side(L),8-16 ft.,14,10.8,10.2,1,made,2015-01-10,PHI,IND,1,2
Shot Chart Detail,0021400552,96,201228,C.J. Watson,1610612754,Indiana Pacers,1,2,6,Missed Shot,Jump Shot,3PT Field Goal,Above the Break 3,Right Side Center(RC),24+ ft.,26,-13.6,23.1,1,missed,2015-01-10,PHI,IND,0,3
Shot Chart Detail,0021400552,240,201228,C.J. Watson,1610612754,Indiana Pacers,2,3,34,Missed Shot,Layup Shot,2PT Field Goal,Restricted Area,Center(C),Less Than 8 ft.,2,1.6,1.2,1,missed,2015-01-10,PHI,IND,0,2
Shot Chart Detail,0021400552,540,201228,C.J. Watson,1610612754,Indiana Pacers,4,5,8,Missed Shot,Layup Shot,2PT Field Goal,Restricted Area,Center(C),Less Than 8 ft.,2,0.8,2.2,1,missed,2015-01-10,PHI,IND,0,2
Shot Chart Detail,0021400552,570,201228,C.J. Watson,1610612754,Indiana Pacers,4,2,36,Missed Shot,Jump Shot,3PT Field Goal,Above the Break 3,Left Side Center(LC),24+ ft.,24,14.6,20.1,1,missed,2015-01-10,PHI,IND,0,3
Shot Chart Detail,0021400552,572,201228,C.J. Watson,1610612754,Indiana Pacers,4,2,30,Made Shot,Jump Shot,3PT Field Goal,Above the Break 3,Left Side Center(LC),24+ ft.,25,10.8,23.1,1,made,2015-01-10,PHI,IND,1,3
Shot Chart Detail,0021400552,584,201228,C.J. Watson,1610612754,Indiana Pacers,4,0,42,Missed Shot,Jump Shot,2PT Field Goal,Restricted Area,Center(C),Less Than 8 ft.,3,-1.7,2.5,1,missed,2015-01-10,PHI,IND,0,2
Shot Chart Detail,0021400567,28,201228,C.J. Watson,1610612754,Indiana Pacers,1,8,49,Made Shot,Jump Shot,3PT Field Goal,Right Corner 3,Right Side(R),24+ ft.,23,-23.4,-1.3,1,made,2015-01-13,IND,MIN,1,3
Shot Chart Detail,0021400567,63,201228,C.J. Watson,1610612754,Indiana Pacers,1,4,41,Made Shot,Pullup Jump shot,2PT Field Goal,Mid-Range,Right Side Center(RC),16-24 ft.,20,-11.1,17.2,1,made,2015-01-13,IND,MIN,1,2
Shot Chart Detail,0021400567,218,201228,C.J. Watson,1610612754,Indiana Pacers,2,1,38,Made Shot,Layup Shot,2PT Field Goal,Restricted Area,Center(C),Less Than 8 ft.,1,1.6,-0.6,1,made,2015-01-13,IND,MIN,1,2
Shot Chart Detail,0021400567,220,201228,C.J. Watson,1610612754,Indiana Pacers,2,0,45,Made Shot,Layup Shot,2PT Field Goal,Restricted Area,Center(C),Less Than 8 ft.,0,0.8,0.1,1,made,2015-01-13,IND,MIN,1,2
Shot Chart Detail,0021400567,222,201228,C.J. Watson,1610612754,Indiana Pacers,2,0,29,Missed Shot,Jump Shot,2PT Field Goal,Mid-Range,Left Side Center(LC),16-24 ft.,16,11.4,11.3,1,missed,2015-01-13,IND,MIN,0,2
Shot Chart Detail,0021400567,255,201228,C.J. Watson,1610612754,Indiana Pacers,3,11,29,Made Shot,Jump Shot,2PT Field Goal,Mid-Range,Left Side Center(LC),16-24 ft.,20,10,18.4,1,made,2015-01-13,IND,MIN,1,2
Shot Chart Detail,0021400567,275,201228,C.J. Watson,1610612754,Indiana Pacers,3,9,14,Made Shot,Reverse Layup Shot,2PT Field Goal,Restricted Area,Center(C),Less Than 8 ft.,2,-2.4,0.9,1,made,2015-01-13,IND,MIN,1,2
Shot Chart Detail,0021400567,314,201228,C.J. Watson,1610612754,Indiana Pacers,3,5,30,Missed Shot,Jump Shot,2PT Field Goal,Mid-Range,Left Side Center(LC),16-24 ft.,20,9.5,18.3,1,missed,2015-01-13,IND,MIN,0,2
Shot Chart Detail,0021400567,515,201228,C.J. Watson,1610612754,Indiana Pacers,4,1,9,Made Shot,Layup Shot,2PT Field Goal,Restricted Area,Center(C),Less Than 8 ft.,1,-0.2,1.1,1,made,2015-01-13,IND,MIN,1,2
Shot Chart Detail,0021400587,64,201228,C.J. Watson,1610612754,Indiana Pacers,1,6,18,Missed Shot,Jump Shot,3PT Field Goal,Left Corner 3,Left Side(L),24+ ft.,23,23.5,1.2,1,missed,2015-01-16,IND,DET,0,3
Shot Chart Detail,0021400587,92,201228,C.J. Watson,1610612754,Indiana Pacers,1,3,51,Missed Shot,Jump Shot,2PT Field Goal,Mid-Range,Left Side Center(LC),16-24 ft.,16,13.1,10.7,1,missed,2015-01-16,IND,DET,0,2
Shot Chart Detail,0021400587,493,201228,C.J. Watson,1610612754,Indiana Pacers,4,2,27,Missed Shot,Jump Shot,3PT Field Goal,Right Corner 3,Right Side(R),24+ ft.,23,-23.7,2.5,1,missed,2015-01-16,IND,DET,0,3
Shot Chart Detail,0021400600,69,201228,C.J. Watson,1610612754,Indiana Pacers,1,3,27,Missed Shot,Layup Shot,2PT Field Goal,Restricted Area,Center(C),Less Than 8 ft.,2,-2,0.4,1,missed,2015-01-17,CHA,IND,0,2
Shot Chart Detail,0021400600,234,201228,C.J. Watson,1610612754,Indiana Pacers,3,10,58,Missed Shot,Jump Shot,3PT Field Goal,Above the Break 3,Right Side Center(RC),24+ ft.,25,-14.6,20.9,1,missed,2015-01-17,CHA,IND,0,3
Shot Chart Detail,0021400600,244,201228,C.J. Watson,1610612754,Indiana Pacers,3,9,15,Missed Shot,Jump Shot,3PT Field Goal,Above the Break 3,Left Side Center(LC),24+ ft.,26,9.7,24.9,1,missed,2015-01-17,CHA,IND,0,3
Shot Chart Detail,0021400600,253,201228,C.J. Watson,1610612754,Indiana Pacers,3,8,18,Made Shot,Reverse Layup Shot,2PT Field Goal,Restricted Area,Center(C),Less Than 8 ft.,1,0.8,1.4,1,made,2015-01-17,CHA,IND,1,2
Shot Chart Detail,0021400600,514,201228,C.J. Watson,1610612754,Indiana Pacers,5,4,37,Missed Shot,Jump Shot,2PT Field Goal,Mid-Range,Right Side Center(RC),16-24 ft.,18,-7,17.6,1,missed,2015-01-17,CHA,IND,0,2
Shot Chart Detail,0021400600,567,201228,C.J. Watson,1610612754,Indiana Pacers,5,0,29,Made Shot,Jump Shot,3PT Field Goal,Above the Break 3,Center(C),24+ ft.,25,-7,24.7,1,made,2015-01-17,CHA,IND,1,3
Shot Chart Detail,0021400617,38,201228,C.J. Watson,1610612754,Indiana Pacers,1,6,56,Missed Shot,Jump Shot,3PT Field Goal,Left Corner 3,Left Side(L),24+ ft.,24,23.2,7.7,1,missed,2015-01-19,HOU,IND,0,3
Shot Chart Detail,0021400617,59,201228,C.J. Watson,1610612754,Indiana Pacers,1,5,8,Missed Shot,Jump Shot,3PT Field Goal,Left Corner 3,Left Side(L),24+ ft.,23,23.2,2,1,missed,2015-01-19,HOU,IND,0,3
Shot Chart Detail,0021400617,98,201228,C.J. Watson,1610612754,Indiana Pacers,1,1,16,Missed Shot,Jump Shot,3PT Field Goal,Above the Break 3,Left Side Center(LC),24+ ft.,24,19,15.4,1,missed,2015-01-19,HOU,IND,0,3
Shot Chart Detail,0021400617,102,201228,C.J. Watson,1610612754,Indiana Pacers,1,0,59,Made Shot,Driving Layup Shot,2PT Field Goal,Restricted Area,Center(C),Less Than 8 ft.,1,-1,1.2,1,made,2015-01-19,HOU,IND,1,2
Shot Chart Detail,0021400617,306,201228,C.J. Watson,1610612754,Indiana Pacers,3,8,28,Missed Shot,Jump Shot,2PT Field Goal,Mid-Range,Right Side Center(RC),16-24 ft.,22,-11.6,19.5,1,missed,2015-01-19,HOU,IND,0,2
Shot Chart Detail,0021400617,345,201228,C.J. Watson,1610612754,Indiana Pacers,3,5,37,Made Shot,Pullup Jump shot,2PT Field Goal,Mid-Range,Right Side Center(RC),16-24 ft.,16,-10.6,12.7,1,made,2015-01-19,HOU,IND,1,2
Shot Chart Detail,0021400617,371,201228,C.J. Watson,1610612754,Indiana Pacers,3,3,23,Missed Shot,Pullup Jump shot,2PT Field Goal,Mid-Range,Right Side(R),16-24 ft.,18,-15.4,9.7,1,missed,2015-01-19,HOU,IND,0,2
Shot Chart Detail,0021400628,9,201228,C.J. Watson,1610612754,Indiana Pacers,1,10,6,Missed Shot,Jump Shot,3PT Field Goal,Above the Break 3,Right Side Center(RC),24+ ft.,24,-22,10.1,1,missed,2015-01-21,ATL,IND,0,3
Shot Chart Detail,0021400628,16,201228,C.J. Watson,1610612754,Indiana Pacers,1,9,20,Made Shot,Jump Shot,2PT Field Goal,Mid-Range,Left Side(L),16-24 ft.,19,19.6,2.5,1,made,2015-01-21,ATL,IND,1,2
Shot Chart Detail,0021400628,44,201228,C.J. Watson,1610612754,Indiana Pacers,1,5,55,Made Shot,Jump Shot,2PT Field Goal,Mid-Range,Left Side(L),8-16 ft.,15,11.6,9.7,1,made,2015-01-21,ATL,IND,1,2
Shot Chart Detail,0021400628,213,201228,C.J. Watson,1610612754,Indiana Pacers,2,3,54,Missed Shot,Jump Shot,2PT Field Goal,Mid-Range,Left Side Center(LC),16-24 ft.,20,13.4,15.1,1,missed,2015-01-21,ATL,IND,0,2
Shot Chart Detail,0021400628,233,201228,C.J. Watson,1610612754,Indiana Pacers,2,1,5,Made Shot,Running Layup Shot,2PT Field Goal,Restricted Area,Center(C),Less Than 8 ft.,0,-0.9,0,1,made,2015-01-21,ATL,IND,1,2
Shot Chart Detail,0021400628,280,201228,C.J. Watson,1610612754,Indiana Pacers,3,9,32,Missed Shot,Driving Jump shot,2PT Field Goal,In The Paint (Non-RA),Right Side(R),8-16 ft.,8,-7,4.2,1,missed,2015-01-21,ATL,IND,0,2
Shot Chart Detail,0021400628,393,201228,C.J. Watson,1610612754,Indiana Pacers,4,11,22,Made Shot,Jump Shot,3PT Field Goal,Above the Break 3,Right Side Center(RC),24+ ft.,25,-20.3,14.8,1,made,2015-01-21,ATL,IND,1,3
Shot Chart Detail,0021400628,450,201228,C.J. Watson,1610612754,Indiana Pacers,4,6,29,Missed Shot,Jump Shot,3PT Field Goal,Above the Break 3,Right Side Center(RC),24+ ft.,24,-15.2,19.4,1,missed,2015-01-21,ATL,IND,0,3
Shot Chart Detail,0021400628,471,201228,C.J. Watson,1610612754,Indiana Pacers,4,5,30,Missed Shot,Layup Shot,2PT Field Goal,Restricted Area,Center(C),Less Than 8 ft.,1,-1.3,1.2,1,missed,2015-01-21,ATL,IND,0,2
Shot Chart Detail,0021400644,62,201228,C.J. Watson,1610612754,Indiana Pacers,1,6,2,Missed Shot,Jump Shot,3PT Field Goal,Above the Break 3,Right Side Center(RC),24+ ft.,25,-18.9,16.7,1,missed,2015-01-23,MIA,IND,0,3
Shot Chart Detail,0021400644,165,201228,C.J. Watson,1610612754,Indiana Pacers,2,7,49,Made Shot,Jump Shot,3PT Field Goal,Above the Break 3,Left Side Center(LC),24+ ft.,24,13,20.5,1,made,2015-01-23,MIA,IND,1,3
Shot Chart Detail,0021400644,171,201228,C.J. Watson,1610612754,Indiana Pacers,2,7,10,Missed Shot,Driving Layup Shot,2PT Field Goal,Restricted Area,Center(C),Less Than 8 ft.,1,1.1,0.6,1,missed,2015-01-23,MIA,IND,0,2
Shot Chart Detail,0021400644,270,201228,C.J. Watson,1610612754,Indiana Pacers,3,10,23,Made Shot,Driving Layup Shot,2PT Field Goal,Restricted Area,Center(C),Less Than 8 ft.,2,-2.4,0.6,1,made,2015-01-23,MIA,IND,1,2
Shot Chart Detail,0021400644,308,201228,C.J. Watson,1610612754,Indiana Pacers,3,7,15,Made Shot,Jump Shot,3PT Field Goal,Right Corner 3,Right Side(R),24+ ft.,23,-23.7,0.4,1,made,2015-01-23,MIA,IND,1,3
Shot Chart Detail,0021400644,541,201228,C.J. Watson,1610612754,Indiana Pacers,4,0,0,Missed Shot,Jump Shot,2PT Field Goal,Mid-Range,Right Side(R),16-24 ft.,20,-20.1,-1,1,missed,2015-01-23,MIA,IND,0,2
Shot Chart Detail,0021400662,34,201228,C.J. Watson,1610612754,Indiana Pacers,1,7,58,Missed Shot,Jump Shot,3PT Field Goal,Left Corner 3,Left Side(L),24+ ft.,23,23.4,1.9,1,missed,2015-01-25,ORL,IND,0,3
Shot Chart Detail,0021400662,168,201228,C.J. Watson,1610612754,Indiana Pacers,2,7,22,Made Shot,Jump Shot,2PT Field Goal,Mid-Range,Left Side Center(LC),16-24 ft.,19,13.3,14.3,1,made,2015-01-25,ORL,IND,1,2
Shot Chart Detail,0021400662,264,201228,C.J. Watson,1610612754,Indiana Pacers,3,10,11,Made Shot,Jump Shot,3PT Field Goal,Above the Break 3,Right Side Center(RC),24+ ft.,25,-16.3,19.5,1,made,2015-01-25,ORL,IND,1,3
Shot Chart Detail,0021400662,336,201228,C.J. Watson,1610612754,Indiana Pacers,3,3,15,Missed Shot,Jump Shot,3PT Field Goal,Above the Break 3,Left Side Center(LC),24+ ft.,25,16.6,18.9,1,missed,2015-01-25,ORL,IND,0,3
Shot Chart Detail,0021400662,410,201228,C.J. Watson,1610612754,Indiana Pacers,4,8,57,Missed Shot,Jump Shot,2PT Field Goal,In The Paint (Non-RA),Center(C),Less Than 8 ft.,5,4.5,3.9,1,missed,2015-01-25,ORL,IND,0,2
Shot Chart Detail,0021400662,437,201228,C.J. Watson,1610612754,Indiana Pacers,4,7,8,Made Shot,Jump Shot,3PT Field Goal,Above the Break 3,Center(C),24+ ft.,25,2.7,25.5,1,made,2015-01-25,ORL,IND,1,3
Shot Chart Detail,0021400662,464,201228,C.J. Watson,1610612754,Indiana Pacers,4,4,2,Missed Shot,Pullup Jump shot,2PT Field Goal,Mid-Range,Left Side Center(LC),16-24 ft.,16,11.9,10.7,1,missed,2015-01-25,ORL,IND,0,2
Shot Chart Detail,0021400675,3,201228,C.J. Watson,1610612754,Indiana Pacers,1,11,18,Made Shot,Jump Shot,3PT Field Goal,Left Corner 3,Left Side(L),24+ ft.,23,23.5,0.6,1,made,2015-01-27,IND,TOR,1,3
Shot Chart Detail,0021400675,50,201228,C.J. Watson,1610612754,Indiana Pacers,1,6,1,Missed Shot,Jump Shot,3PT Field Goal,Right Corner 3,Right Side(R),24+ ft.,23,-23.7,1.1,1,missed,2015-01-27,IND,TOR,0,3
Shot Chart Detail,0021400675,68,201228,C.J. Watson,1610612754,Indiana Pacers,1,4,31,Made Shot,Jump Shot,2PT Field Goal,Mid-Range,Center(C),16-24 ft.,20,-0.6,20,1,made,2015-01-27,IND,TOR,1,2
Shot Chart Detail,0021400675,148,201228,C.J. Watson,1610612754,Indiana Pacers,2,9,13,Missed Shot,Jump Shot,2PT Field Goal,Mid-Range,Right Side Center(RC),16-24 ft.,21,-9.7,19.7,1,missed,2015-01-27,IND,TOR,0,2
Shot Chart Detail,0021400675,173,201228,C.J. Watson,1610612754,Indiana Pacers,2,7,45,Missed Shot,Jump Shot,3PT Field Goal,Above the Break 3,Center(C),24+ ft.,25,-6.2,24.9,1,missed,2015-01-27,IND,TOR,0,3
Shot Chart Detail,0021400675,176,201228,C.J. Watson,1610612754,Indiana Pacers,2,7,14,Missed Shot,Jump Shot,2PT Field Goal,In The Paint (Non-RA),Center(C),Less Than 8 ft.,4,-2.9,3,1,missed,2015-01-27,IND,TOR,0,2
Shot Chart Detail,0021400675,314,201228,C.J. Watson,1610612754,Indiana Pacers,3,7,59,Missed Shot,Jump Shot,2PT Field Goal,Mid-Range,Left Side(L),8-16 ft.,14,14.1,1.4,1,missed,2015-01-27,IND,TOR,0,2
Shot Chart Detail,0021400675,320,201228,C.J. Watson,1610612754,Indiana Pacers,3,7,39,Made Shot,Pullup Jump shot,2PT Field Goal,Mid-Range,Left Side Center(LC),16-24 ft.,21,10.3,18.9,1,made,2015-01-27,IND,TOR,1,2
Shot Chart Detail,0021400675,414,201228,C.J. Watson,1610612754,Indiana Pacers,4,10,46,Missed Shot,Jump Shot,2PT Field Goal,Mid-Range,Left Side Center(LC),16-24 ft.,21,7.1,20.1,1,missed,2015-01-27,IND,TOR,0,2
Shot Chart Detail,0021400675,423,201228,C.J. Watson,1610612754,Indiana Pacers,4,9,45,Missed Shot,Jump Shot,2PT Field Goal,In The Paint (Non-RA),Center(C),8-16 ft.,9,-0.7,9.4,1,missed,2015-01-27,IND,TOR,0,2
Shot Chart Detail,0021400675,445,201228,C.J. Watson,1610612754,Indiana Pacers,4,7,7,Missed Shot,Driving Layup Shot,2PT Field Goal,Restricted Area,Center(C),Less Than 8 ft.,2,-2.3,1.5,1,missed,2015-01-27,IND,TOR,0,2
Shot Chart Detail,0021400694,12,201228,C.J. Watson,1610612754,Indiana Pacers,1,9,49,Missed Shot,Layup Shot,2PT Field Goal,Restricted Area,Center(C),Less Than 8 ft.,2,-2.1,1.2,1,missed,2015-01-29,IND,NYK,0,2
Shot Chart Detail,0021400694,151,201228,C.J. Watson,1610612754,Indiana Pacers,2,10,3,Made Shot,Step Back Jump shot,2PT Field Goal,Mid-Range,Left Side(L),16-24 ft.,20,18.2,9.9,1,made,2015-01-29,IND,NYK,1,2
Shot Chart Detail,0021400694,154,201228,C.J. Watson,1610612754,Indiana Pacers,2,9,48,Missed Shot,Jump Shot,3PT Field Goal,Above the Break 3,Left Side Center(LC),24+ ft.,25,15.5,19.8,1,missed,2015-01-29,IND,NYK,0,3
Shot Chart Detail,0021400694,194,201228,C.J. Watson,1610612754,Indiana Pacers,2,5,35,Missed Shot,Jump Shot,3PT Field Goal,Above the Break 3,Right Side Center(RC),24+ ft.,26,-13,23.5,1,missed,2015-01-29,IND,NYK,0,3
Shot Chart Detail,0021400694,198,201228,C.J. Watson,1610612754,Indiana Pacers,2,5,7,Made Shot,Reverse Layup Shot,2PT Field Goal,Restricted Area,Center(C),Less Than 8 ft.,0,0.4,-0.2,1,made,2015-01-29,IND,NYK,1,2
Shot Chart Detail,0021400694,223,201228,C.J. Watson,1610612754,Indiana Pacers,2,2,17,Missed Shot,Jump Shot,2PT Field Goal,Restricted Area,Center(C),Less Than 8 ft.,3,-3.2,0.6,1,missed,2015-01-29,IND,NYK,0,2
Shot Chart Detail,0021400694,277,201228,C.J. Watson,1610612754,Indiana Pacers,3,7,40,Made Shot,Jump Shot,3PT Field Goal,Above the Break 3,Left Side Center(LC),24+ ft.,25,17.4,18.3,1,made,2015-01-29,IND,NYK,1,3
Shot Chart Detail,0021400694,429,201228,C.J. Watson,1610612754,Indiana Pacers,4,2,57,Missed Shot,Jump Shot,2PT Field Goal,Mid-Range,Left Side Center(LC),16-24 ft.,19,10.3,16.2,1,missed,2015-01-29,IND,NYK,0,2
Shot Chart Detail,0021400694,440,201228,C.J. Watson,1610612754,Indiana Pacers,4,1,5,Missed Shot,Jump Shot,3PT Field Goal,Right Corner 3,Right Side(R),24+ ft.,23,-23.9,0,1,missed,2015-01-29,IND,NYK,0,3
Shot Chart Detail,0021400705,12,201228,C.J. Watson,1610612754,Indiana Pacers,1,10,32,Made Shot,Alley Oop Layup shot,2PT Field Goal,Restricted Area,Center(C),Less Than 8 ft.,2,-2,0.1,1,made,2015-01-31,IND,SAC,1,2
Shot Chart Detail,0021400705,50,201228,C.J. Watson,1610612754,Indiana Pacers,1,6,30,Missed Shot,Jump Shot,2PT Field Goal,Mid-Range,Left Side Center(LC),16-24 ft.,20,10,17.8,1,missed,2015-01-31,IND,SAC,0,2
Shot Chart Detail,0021400705,63,201228,C.J. Watson,1610612754,Indiana Pacers,1,5,38,Missed Shot,Layup Shot,2PT Field Goal,Restricted Area,Center(C),Less Than 8 ft.,1,-0.7,0.9,1,missed,2015-01-31,IND,SAC,0,2
Shot Chart Detail,0021400705,129,201228,C.J. Watson,1610612754,Indiana Pacers,2,11,6,Made Shot,Pullup Jump shot,2PT Field Goal,Mid-Range,Right Side(R),8-16 ft.,15,-14.1,6,1,made,2015-01-31,IND,SAC,1,2
Shot Chart Detail,0021400705,162,201228,C.J. Watson,1610612754,Indiana Pacers,2,7,7,Made Shot,Layup Shot,2PT Field Goal,Restricted Area,Center(C),Less Than 8 ft.,1,-1.5,0.1,1,made,2015-01-31,IND,SAC,1,2
Shot Chart Detail,0021400705,172,201228,C.J. Watson,1610612754,Indiana Pacers,2,6,20,Missed Shot,Jump Shot,3PT Field Goal,Above the Break 3,Right Side Center(RC),24+ ft.,26,-9.5,24.6,1,missed,2015-01-31,IND,SAC,0,3
Shot Chart Detail,0021400705,264,201228,C.J. Watson,1610612754,Indiana Pacers,3,9,35,Missed Shot,Jump Shot,2PT Field Goal,Mid-Range,Right Side(R),16-24 ft.,19,-19.8,-0.2,1,missed,2015-01-31,IND,SAC,0,2
Shot Chart Detail,0021400731,56,201228,C.J. Watson,1610612754,Indiana Pacers,1,4,52,Missed Shot,Jump Shot,3PT Field Goal,Above the Break 3,Left Side Center(LC),24+ ft.,24,15,19.9,1,missed,2015-02-04,IND,DET,0,3
Shot Chart Detail,0021400731,60,201228,C.J. Watson,1610612754,Indiana Pacers,1,4,28,Made Shot,Jump Shot,3PT Field Goal,Above the Break 3,Left Side Center(LC),24+ ft.,25,19.1,16.4,1,made,2015-02-04,IND,DET,1,3
Shot Chart Detail,0021400731,86,201228,C.J. Watson,1610612754,Indiana Pacers,1,1,34,Made Shot,Jump Shot,3PT Field Goal,Above the Break 3,Right Side Center(RC),24+ ft.,25,-17.6,18.9,1,made,2015-02-04,IND,DET,1,3
Shot Chart Detail,0021400731,109,201228,C.J. Watson,1610612754,Indiana Pacers,2,11,27,Made Shot,Jump Shot,3PT Field Goal,Left Corner 3,Left Side(L),24+ ft.,22,22.9,-0.6,1,made,2015-02-04,IND,DET,1,3
Shot Chart Detail,0021400731,124,201228,C.J. Watson,1610612754,Indiana Pacers,2,9,25,Missed Shot,Jump Shot,3PT Field Goal,Above the Break 3,Center(C),24+ ft.,27,0.5,27.1,1,missed,2015-02-04,IND,DET,0,3
Shot Chart Detail,0021400731,154,201228,C.J. Watson,1610612754,Indiana Pacers,2,5,40,Missed Shot,Jump Shot,2PT Field Goal,Restricted Area,Center(C),Less Than 8 ft.,3,1.6,3.1,1,missed,2015-02-04,IND,DET,0,2
Shot Chart Detail,0021400731,361,201228,C.J. Watson,1610612754,Indiana Pacers,4,9,5,Made Shot,Jump Shot,3PT Field Goal,Above the Break 3,Left Side Center(LC),24+ ft.,25,11.4,23.3,1,made,2015-02-04,IND,DET,1,3
Shot Chart Detail,0021400731,374,201228,C.J. Watson,1610612754,Indiana Pacers,4,7,30,Made Shot,Jump Shot,2PT Field Goal,Mid-Range,Right Side(R),16-24 ft.,17,-17.4,-1,1,made,2015-02-04,IND,DET,1,2
Shot Chart Detail,0021400747,105,201228,C.J. Watson,1610612754,Indiana Pacers,2,10,50,Missed Shot,Jump Shot,2PT Field Goal,Mid-Range,Right Side(R),8-16 ft.,15,-15.5,2.6,1,missed,2015-02-06,IND,CLE,0,2
Shot Chart Detail,0021400747,123,201228,C.J. Watson,1610612754,Indiana Pacers,2,9,6,Missed Shot,Jump Shot,3PT Field Goal,Above the Break 3,Right Side Center(RC),24+ ft.,25,-16.3,19.4,1,missed,2015-02-06,IND,CLE,0,3
Shot Chart Detail,0021400747,153,201228,C.J. Watson,1610612754,Indiana Pacers,2,7,2,Missed Shot,Jump Shot,3PT Field Goal,Left Corner 3,Left Side(L),24+ ft.,23,23.1,0.9,1,missed,2015-02-06,IND,CLE,0,3
Shot Chart Detail,0021400768,63,201228,C.J. Watson,1610612754,Indiana Pacers,1,3,12,Missed Shot,Jump Shot,3PT Field Goal,Above the Break 3,Center(C),24+ ft.,24,1.9,24.7,1,missed,2015-02-08,CHA,IND,0,3
Shot Chart Detail,0021400768,66,201228,C.J. Watson,1610612754,Indiana Pacers,1,2,34,Missed Shot,Jump Shot,2PT Field Goal,Mid-Range,Right Side Center(RC),16-24 ft.,21,-8.1,20.3,1,missed,2015-02-08,CHA,IND,0,2
Shot Chart Detail,0021400768,77,201228,C.J. Watson,1610612754,Indiana Pacers,1,2,12,Missed Shot,Jump Shot,3PT Field Goal,Above the Break 3,Left Side Center(LC),24+ ft.,25,15.7,19.7,1,missed,2015-02-08,CHA,IND,0,3
Shot Chart Detail,0021400768,84,201228,C.J. Watson,1610612754,Indiana Pacers,1,1,38,Made Shot,Jump Shot,3PT Field Goal,Right Corner 3,Right Side(R),24+ ft.,23,-23.3,0.3,1,made,2015-02-08,CHA,IND,1,3
Shot Chart Detail,0021400768,89,201228,C.J. Watson,1610612754,Indiana Pacers,1,0,43,Made Shot,Jump Shot,3PT Field Goal,Above the Break 3,Center(C),24+ ft.,24,-5,24.4,1,made,2015-02-08,CHA,IND,1,3
Shot Chart Detail,0021400768,336,201228,C.J. Watson,1610612754,Indiana Pacers,3,4,30,Made Shot,Jump Shot,3PT Field Goal,Above the Break 3,Left Side Center(LC),24+ ft.,25,8.1,23.9,1,made,2015-02-08,CHA,IND,1,3
Shot Chart Detail,0021400768,404,201228,C.J. Watson,1610612754,Indiana Pacers,4,11,42,Made Shot,Pullup Jump shot,2PT Field Goal,Mid-Range,Center(C),16-24 ft.,17,2.1,17.5,1,made,2015-02-08,CHA,IND,1,2
Shot Chart Detail,0021400768,434,201228,C.J. Watson,1610612754,Indiana Pacers,4,9,10,Made Shot,Jump Shot,3PT Field Goal,Above the Break 3,Center(C),24+ ft.,26,7.6,25,1,made,2015-02-08,CHA,IND,1,3
Shot Chart Detail,0021400768,447,201228,C.J. Watson,1610612754,Indiana Pacers,4,7,38,Made Shot,Floating Jump shot,2PT Field Goal,In The Paint (Non-RA),Center(C),8-16 ft.,11,4.3,10.5,1,made,2015-02-08,CHA,IND,1,2
Shot Chart Detail,0021400768,465,201228,C.J. Watson,1610612754,Indiana Pacers,4,5,21,Missed Shot,Jump Shot,3PT Field Goal,Right Corner 3,Right Side(R),24+ ft.,23,-23.4,1.7,1,missed,2015-02-08,CHA,IND,0,3
Shot Chart Detail,0021400768,513,201228,C.J. Watson,1610612754,Indiana Pacers,4,0,57,Made Shot,Jump Shot,3PT Field Goal,Right Corner 3,Right Side(R),24+ ft.,23,-23.4,1.7,1,made,2015-02-08,CHA,IND,1,3
Shot Chart Detail,0021400774,80,201228,C.J. Watson,1610612754,Indiana Pacers,1,2,18,Missed Shot,Layup Shot,2PT Field Goal,Restricted Area,Center(C),Less Than 8 ft.,1,-0.6,1.2,1,missed,2015-02-09,IND,SAS,0,2
Shot Chart Detail,0021400774,108,201228,C.J. Watson,1610612754,Indiana Pacers,1,0,0,Missed Shot,Jump Shot,3PT Field Goal,Backcourt,Back Court(BC),Back Court Shot,46,9,45.9,1,missed,2015-02-09,IND,SAS,0,3
Shot Chart Detail,0021400774,336,201228,C.J. Watson,1610612754,Indiana Pacers,3,0,55,Made Shot,Jump Shot,3PT Field Goal,Left Corner 3,Left Side(L),24+ ft.,23,23.1,-0.3,1,made,2015-02-09,IND,SAS,1,3
Shot Chart Detail,0021400774,369,201228,C.J. Watson,1610612754,Indiana Pacers,4,9,40,Missed Shot,Jump Shot,2PT Field Goal,Mid-Range,Left Side(L),16-24 ft.,17,14.7,9.3,1,missed,2015-02-09,IND,SAS,0,2
Shot Chart Detail,0021400774,384,201228,C.J. Watson,1610612754,Indiana Pacers,4,7,57,Made Shot,Layup Shot,2PT Field Goal,Restricted Area,Center(C),Less Than 8 ft.,2,2.1,0.3,1,made,2015-02-09,IND,SAS,1,2
Shot Chart Detail,0021400794,179,201228,C.J. Watson,1610612754,Indiana Pacers,2,6,41,Missed Shot,Jump Shot,3PT Field Goal,Above the Break 3,Left Side Center(LC),24+ ft.,26,20.5,16,1,missed,2015-02-11,NOP,IND,0,3
Shot Chart Detail,0021400794,200,201228,C.J. Watson,1610612754,Indiana Pacers,2,4,56,Made Shot,Jump Shot,2PT Field Goal,Mid-Range,Left Side Center(LC),16-24 ft.,16,6.8,15.3,1,made,2015-02-11,NOP,IND,1,2
Shot Chart Detail,0021400794,204,201228,C.J. Watson,1610612754,Indiana Pacers,2,4,30,Missed Shot,Jump Shot,2PT Field Goal,Mid-Range,Left Side(L),8-16 ft.,14,14.1,1.5,1,missed,2015-02-11,NOP,IND,0,2
Shot Chart Detail,0021400794,388,201228,C.J. Watson,1610612754,Indiana Pacers,4,8,32,Missed Shot,Jump Shot,3PT Field Goal,Left Corner 3,Left Side(L),24+ ft.,23,23.7,1.9,1,missed,2015-02-11,NOP,IND,0,3
Shot Chart Detail,0021400794,434,201228,C.J. Watson,1610612754,Indiana Pacers,4,4,5,Made Shot,Jump Shot,3PT Field Goal,Above the Break 3,Left Side Center(LC),24+ ft.,25,20.5,14.5,1,made,2015-02-11,NOP,IND,1,3
Shot Chart Detail,0021400794,437,201228,C.J. Watson,1610612754,Indiana Pacers,4,3,20,Missed Shot,Jump Shot,2PT Field Goal,Mid-Range,Right Side(R),16-24 ft.,21,-21.1,0.4,1,missed,2015-02-11,NOP,IND,0,2
Shot Chart Detail,0021400804,112,201228,C.J. Watson,1610612754,Indiana Pacers,2,11,43,Missed Shot,Jump Shot,2PT Field Goal,Mid-Range,Right Side Center(RC),16-24 ft.,18,-14,11.5,1,missed,2015-02-20,PHI,IND,0,2
Shot Chart Detail,0021400804,177,201228,C.J. Watson,1610612754,Indiana Pacers,2,6,41,Made Shot,Jump Shot,2PT Field Goal,In The Paint (Non-RA),Center(C),Less Than 8 ft.,7,-0.1,7.1,1,made,2015-02-20,PHI,IND,1,2
Shot Chart Detail,0021400804,180,201228,C.J. Watson,1610612754,Indiana Pacers,2,6,5,Missed Shot,Jump Shot,3PT Field Goal,Above the Break 3,Right Side Center(RC),24+ ft.,25,-17.3,19.4,1,missed,2015-02-20,PHI,IND,0,3
Shot Chart Detail,0021400804,437,201228,C.J. Watson,1610612754,Indiana Pacers,4,10,15,Missed Shot,Jump Shot,3PT Field Goal,Above the Break 3,Right Side Center(RC),24+ ft.,26,-19,18.6,1,missed,2015-02-20,PHI,IND,0,3
Shot Chart Detail,0021400804,460,201228,C.J. Watson,1610612754,Indiana Pacers,4,8,2,Missed Shot,Jump Shot,3PT Field Goal,Above the Break 3,Left Side Center(LC),24+ ft.,25,16.6,19.4,1,missed,2015-02-20,PHI,IND,0,3
Shot Chart Detail,0021400804,468,201228,C.J. Watson,1610612754,Indiana Pacers,4,7,5,Missed Shot,Jump Shot,2PT Field Goal,Mid-Range,Left Side(L),16-24 ft.,17,17.1,-0.2,1,missed,2015-02-20,PHI,IND,0,2
Shot Chart Detail,0021400804,478,201228,C.J. Watson,1610612754,Indiana Pacers,4,6,5,Missed Shot,Layup Shot,2PT Field Goal,Restricted Area,Center(C),Less Than 8 ft.,1,0.2,1.1,1,missed,2015-02-20,PHI,IND,0,2
Shot Chart Detail,0021400824,91,201228,C.J. Watson,1610612754,Indiana Pacers,1,3,23,Made Shot,Layup Shot,2PT Field Goal,Restricted Area,Center(C),Less Than 8 ft.,1,-1.8,0.1,1,made,2015-02-22,IND,GSW,1,2
Shot Chart Detail,0021400824,105,201228,C.J. Watson,1610612754,Indiana Pacers,1,2,11,Made Shot,Driving Finger Roll Layup Shot,2PT Field Goal,Restricted Area,Center(C),Less Than 8 ft.,2,2.1,1.1,1,made,2015-02-22,IND,GSW,1,2
Shot Chart Detail,0021400824,185,201228,C.J. Watson,1610612754,Indiana Pacers,2,6,1,Made Shot,Jump Shot,3PT Field Goal,Above the Break 3,Left Side Center(LC),24+ ft.,25,11.7,22.4,1,made,2015-02-22,IND,GSW,1,3
Shot Chart Detail,0021400824,396,201228,C.J. Watson,1610612754,Indiana Pacers,4,11,5,Missed Shot,Jump Shot,3PT Field Goal,Above the Break 3,Left Side Center(LC),24+ ft.,26,11.1,23.8,1,missed,2015-02-22,IND,GSW,0,3
Shot Chart Detail,0021400824,406,201228,C.J. Watson,1610612754,Indiana Pacers,4,10,5,Made Shot,Jump Shot,2PT Field Goal,Mid-Range,Left Side(L),16-24 ft.,16,14.9,7.1,1,made,2015-02-22,IND,GSW,1,2
Shot Chart Detail,0021400824,441,201228,C.J. Watson,1610612754,Indiana Pacers,4,6,33,Missed Shot,Jump Shot,3PT Field Goal,Above the Break 3,Left Side Center(LC),24+ ft.,25,14.2,20.6,1,missed,2015-02-22,IND,GSW,0,3
Shot Chart Detail,0021400840,94,201228,C.J. Watson,1610612754,Indiana Pacers,1,1,14,Missed Shot,Jump Shot,2PT Field Goal,Mid-Range,Left Side(L),16-24 ft.,16,14.6,8.3,1,missed,2015-02-24,OKC,IND,0,2
Shot Chart Detail,0021400840,130,201228,C.J. Watson,1610612754,Indiana Pacers,2,10,45,Missed Shot,Step Back Jump shot,3PT Field Goal,Above the Break 3,Left Side Center(LC),24+ ft.,24,10.9,22,1,missed,2015-02-24,OKC,IND,0,3
Shot Chart Detail,0021400840,369,201228,C.J. Watson,1610612754,Indiana Pacers,3,1,49,Missed Shot,Jump Shot,3PT Field Goal,Right Corner 3,Right Side(R),24+ ft.,23,-23,3.9,1,missed,2015-02-24,OKC,IND,0,3
Shot Chart Detail,0021400840,414,201228,C.J. Watson,1610612754,Indiana Pacers,4,10,29,Missed Shot,Jump Shot,3PT Field Goal,Left Corner 3,Left Side(L),24+ ft.,23,23.1,1.5,1,missed,2015-02-24,OKC,IND,0,3
Shot Chart Detail,0021400840,428,201228,C.J. Watson,1610612754,Indiana Pacers,4,9,8,Made Shot,Jump Shot,3PT Field Goal,Above the Break 3,Left Side Center(LC),24+ ft.,24,22.3,11,1,made,2015-02-24,OKC,IND,1,3
Shot Chart Detail,0021400856,104,201228,C.J. Watson,1610612754,Indiana Pacers,1,0,33,Missed Shot,Pullup Jump shot,2PT Field Goal,Mid-Range,Right Side Center(RC),16-24 ft.,18,-10.3,15.9,1,missed,2015-02-27,IND,CLE,0,2
Shot Chart Detail,0021400856,128,201228,C.J. Watson,1610612754,Indiana Pacers,2,9,57,Missed Shot,Jump Shot,3PT Field Goal,Above the Break 3,Left Side Center(LC),24+ ft.,24,19.6,14.9,1,missed,2015-02-27,IND,CLE,0,3
Shot Chart Detail,0021400881,152,201228,C.J. Watson,1610612754,Indiana Pacers,2,10,47,Made Shot,Jump Shot,2PT Field Goal,Mid-Range,Center(C),16-24 ft.,18,-3.2,17.9,1,made,2015-03-01,IND,PHI,1,2
Shot Chart Detail,0021400881,183,201228,C.J. Watson,1610612754,Indiana Pacers,2,8,11,Missed Shot,Jump Shot,3PT Field Goal,Above the Break 3,Left Side Center(LC),24+ ft.,26,19.8,17.2,1,missed,2015-03-01,IND,PHI,0,3
Shot Chart Detail,0021400881,374,201228,C.J. Watson,1610612754,Indiana Pacers,3,2,11,Missed Shot,Jump Shot,3PT Field Goal,Above the Break 3,Right Side Center(RC),24+ ft.,25,-20.1,16.4,1,missed,2015-03-01,IND,PHI,0,3
Shot Chart Detail,0021400881,389,201228,C.J. Watson,1610612754,Indiana Pacers,3,1,5,Made Shot,Jump Shot,2PT Field Goal,Mid-Range,Center(C),16-24 ft.,18,-0.4,18.9,1,made,2015-03-01,IND,PHI,1,2
Shot Chart Detail,0021400881,409,201228,C.J. Watson,1610612754,Indiana Pacers,4,11,21,Missed Shot,Jump Shot,3PT Field Goal,Above the Break 3,Right Side Center(RC),24+ ft.,25,-10.5,22.8,1,missed,2015-03-01,IND,PHI,0,3
Shot Chart Detail,0021400881,452,201228,C.J. Watson,1610612754,Indiana Pacers,4,7,40,Missed Shot,Jump Shot,2PT Field Goal,Mid-Range,Right Side(R),16-24 ft.,17,-17.3,0.4,1,missed,2015-03-01,IND,PHI,0,2
Shot Chart Detail,0021400912,114,201228,C.J. Watson,1610612754,Indiana Pacers,1,0,45,Made Shot,Layup Shot,2PT Field Goal,Restricted Area,Center(C),Less Than 8 ft.,1,-1.8,-0.5,1,made,2015-03-06,IND,CHI,1,2
Shot Chart Detail,0021400912,157,201228,C.J. Watson,1610612754,Indiana Pacers,2,7,32,Missed Shot,Layup Shot,2PT Field Goal,Restricted Area,Center(C),Less Than 8 ft.,1,0.2,1.2,1,missed,2015-03-06,IND,CHI,0,2
Shot Chart Detail,0021400912,244,201228,C.J. Watson,1610612754,Indiana Pacers,2,1,3,Made Shot,Pullup Jump shot,2PT Field Goal,Mid-Range,Left Side Center(LC),16-24 ft.,18,14.1,11.9,1,made,2015-03-06,IND,CHI,1,2
Shot Chart Detail,0021400912,255,201228,C.J. Watson,1610612754,Indiana Pacers,2,0,4,Missed Shot,Jump Shot,2PT Field Goal,Mid-Range,Left Side(L),8-16 ft.,15,14.7,5.6,1,missed,2015-03-06,IND,CHI,0,2
Shot Chart Detail,0021400912,426,201228,C.J. Watson,1610612754,Indiana Pacers,4,7,33,Missed Shot,Jump Shot,2PT Field Goal,Mid-Range,Left Side(L),16-24 ft.,18,18.2,-0.8,1,missed,2015-03-06,IND,CHI,0,2
Shot Chart Detail,0021400926,104,201228,C.J. Watson,1610612754,Indiana Pacers,1,2,10,Missed Shot,Jump Shot,3PT Field Goal,Above the Break 3,Right Side Center(RC),24+ ft.,24,-13.3,20.8,1,missed,2015-03-07,NYK,IND,0,3
Shot Chart Detail,0021400926,108,201228,C.J. Watson,1610612754,Indiana Pacers,1,1,52,Made Shot,Jump Shot,3PT Field Goal,Above the Break 3,Left Side Center(LC),24+ ft.,25,13,21.6,1,made,2015-03-07,NYK,IND,1,3
Shot Chart Detail,0021400926,123,201228,C.J. Watson,1610612754,Indiana Pacers,1,0,49,Missed Shot,Jump Shot,3PT Field Goal,Right Corner 3,Right Side(R),24+ ft.,23,-23.3,0.1,1,missed,2015-03-07,NYK,IND,0,3
Shot Chart Detail,0021400926,146,201228,C.J. Watson,1610612754,Indiana Pacers,2,9,37,Made Shot,Driving Layup Shot,2PT Field Goal,Restricted Area,Center(C),Less Than 8 ft.,0,-0.2,0,1,made,2015-03-07,NYK,IND,1,2
Shot Chart Detail,0021400926,151,201228,C.J. Watson,1610612754,Indiana Pacers,2,8,56,Missed Shot,Jump Shot,3PT Field Goal,Above the Break 3,Left Side Center(LC),24+ ft.,24,17.2,17.2,1,missed,2015-03-07,NYK,IND,0,3
Shot Chart Detail,0021400926,188,201228,C.J. Watson,1610612754,Indiana Pacers,2,6,34,Missed Shot,Layup Shot,2PT Field Goal,Restricted Area,Center(C),Less Than 8 ft.,2,1.6,2,1,missed,2015-03-07,NYK,IND,0,2
Shot Chart Detail,0021400926,455,201228,C.J. Watson,1610612754,Indiana Pacers,4,9,11,Made Shot,Layup Shot,2PT Field Goal,Restricted Area,Center(C),Less Than 8 ft.,3,1,3,1,made,2015-03-07,NYK,IND,1,2
Shot Chart Detail,0021400926,488,201228,C.J. Watson,1610612754,Indiana Pacers,4,6,36,Made Shot,Jump Shot,3PT Field Goal,Above the Break 3,Right Side Center(RC),24+ ft.,25,-18.7,17.6,1,made,2015-03-07,NYK,IND,1,3
Shot Chart Detail,0021400946,134,201228,C.J. Watson,1610612754,Indiana Pacers,2,9,6,Made Shot,Jump Shot,3PT Field Goal,Above the Break 3,Left Side Center(LC),24+ ft.,27,20.4,17.8,1,made,2015-03-10,IND,ORL,1,3
Shot Chart Detail,0021400946,168,201228,C.J. Watson,1610612754,Indiana Pacers,2,5,37,Made Shot,Jump Shot,3PT Field Goal,Above the Break 3,Left Side Center(LC),24+ ft.,27,11.7,24.4,1,made,2015-03-10,IND,ORL,1,3
Shot Chart Detail,0021400946,197,201228,C.J. Watson,1610612754,Indiana Pacers,2,2,48,Made Shot,Jump Shot,3PT Field Goal,Above the Break 3,Left Side Center(LC),24+ ft.,24,22.3,10.2,1,made,2015-03-10,IND,ORL,1,3
Shot Chart Detail,0021400946,231,201228,C.J. Watson,1610612754,Indiana Pacers,2,0,1,Missed Shot,Jump Shot,2PT Field Goal,Mid-Range,Right Side(R),8-16 ft.,14,-14,-0.3,1,missed,2015-03-10,IND,ORL,0,2
Shot Chart Detail,0021400946,233,201228,C.J. Watson,1610612754,Indiana Pacers,2,0,0,Missed Shot,Jump Shot,3PT Field Goal,Above the Break 3,Right Side Center(RC),24+ ft.,24,-23,9.1,1,missed,2015-03-10,IND,ORL,0,3
Shot Chart Detail,0021400946,424,201228,C.J. Watson,1610612754,Indiana Pacers,4,5,24,Missed Shot,Jump Shot,3PT Field Goal,Above the Break 3,Left Side Center(LC),24+ ft.,27,10.8,25,1,missed,2015-03-10,IND,ORL,0,3
Shot Chart Detail,0021400962,110,201228,C.J. Watson,1610612754,Indiana Pacers,1,1,15,Missed Shot,Jump Shot,2PT Field Goal,Mid-Range,Right Side(R),8-16 ft.,13,-13.2,-1.7,1,missed,2015-03-12,IND,MIL,0,2
Shot Chart Detail,0021400962,139,201228,C.J. Watson,1610612754,Indiana Pacers,2,11,15,Made Shot,Jump Shot,3PT Field Goal,Above the Break 3,Left Side Center(LC),24+ ft.,25,23.7,8.8,1,made,2015-03-12,IND,MIL,1,3
Shot Chart Detail,0021400962,413,201228,C.J. Watson,1610612754,Indiana Pacers,3,1,28,Made Shot,Jump Shot,3PT Field Goal,Above the Break 3,Left Side Center(LC),24+ ft.,25,14.7,20.9,1,made,2015-03-12,IND,MIL,1,3
Shot Chart Detail,0021400962,470,201228,C.J. Watson,1610612754,Indiana Pacers,4,7,40,Missed Shot,Jump Shot,3PT Field Goal,Left Corner 3,Left Side(L),24+ ft.,22,22.6,0.4,1,missed,2015-03-12,IND,MIL,0,3
Shot Chart Detail,0021400976,131,201228,C.J. Watson,1610612754,Indiana Pacers,2,9,56,Missed Shot,Jump Shot,2PT Field Goal,Mid-Range,Left Side(L),16-24 ft.,20,20.5,0.9,1,missed,2015-03-14,IND,BOS,0,2
Shot Chart Detail,0021400976,356,201228,C.J. Watson,1610612754,Indiana Pacers,3,0,56,Missed Shot,Jump Shot,3PT Field Goal,Above the Break 3,Left Side Center(LC),24+ ft.,24,20.7,13.1,1,missed,2015-03-14,IND,BOS,0,3
Shot Chart Detail,0021400976,385,201228,C.J. Watson,1610612754,Indiana Pacers,4,10,50,Made Shot,Running Layup Shot,2PT Field Goal,Restricted Area,Center(C),Less Than 8 ft.,3,-3.6,0,1,made,2015-03-14,IND,BOS,1,2
Shot Chart Detail,0021400976,396,201228,C.J. Watson,1610612754,Indiana Pacers,4,9,34,Made Shot,Reverse Layup Shot,2PT Field Goal,Restricted Area,Center(C),Less Than 8 ft.,1,1.6,-0.2,1,made,2015-03-14,IND,BOS,1,2
Shot Chart Detail,0021400976,417,201228,C.J. Watson,1610612754,Indiana Pacers,4,6,38,Missed Shot,Jump Shot,2PT Field Goal,Mid-Range,Right Side Center(RC),16-24 ft.,17,-7.8,15.6,1,missed,2015-03-14,IND,BOS,0,2
Shot Chart Detail,0021400976,419,201228,C.J. Watson,1610612754,Indiana Pacers,4,6,22,Made Shot,Jump Shot,3PT Field Goal,Above the Break 3,Right Side Center(RC),24+ ft.,25,-17.1,19.5,1,made,2015-03-14,IND,BOS,1,3
Shot Chart Detail,0021400976,422,201228,C.J. Watson,1610612754,Indiana Pacers,4,5,49,Missed Shot,Driving Layup Shot,2PT Field Goal,Restricted Area,Center(C),Less Than 8 ft.,2,-2.4,0.4,1,missed,2015-03-14,IND,BOS,0,2
Shot Chart Detail,0021400976,436,201228,C.J. Watson,1610612754,Indiana Pacers,4,4,41,Made Shot,Jump Shot,3PT Field Goal,Above the Break 3,Left Side Center(LC),24+ ft.,26,9,24.4,1,made,2015-03-14,IND,BOS,1,3
Shot Chart Detail,0021400990,126,201228,C.J. Watson,1610612754,Indiana Pacers,2,10,45,Missed Shot,Jump Shot,2PT Field Goal,Mid-Range,Left Side(L),16-24 ft.,21,19.3,9.4,1,missed,2015-03-16,IND,TOR,0,2
Shot Chart Detail,0021400990,131,201228,C.J. Watson,1610612754,Indiana Pacers,2,10,15,Missed Shot,Jump Shot,3PT Field Goal,Above the Break 3,Left Side Center(LC),24+ ft.,26,20.1,17.9,1,missed,2015-03-16,IND,TOR,0,3
Shot Chart Detail,0021400990,138,201228,C.J. Watson,1610612754,Indiana Pacers,2,9,43,Made Shot,Jump Shot,2PT Field Goal,Mid-Range,Center(C),16-24 ft.,20,-1.3,20.6,1,made,2015-03-16,IND,TOR,1,2
Shot Chart Detail,0021400990,170,201228,C.J. Watson,1610612754,Indiana Pacers,2,5,52,Missed Shot,Jump Shot,3PT Field Goal,Above the Break 3,Center(C),24+ ft.,28,4.5,28.5,1,missed,2015-03-16,IND,TOR,0,3
Shot Chart Detail,0021400990,173,201228,C.J. Watson,1610612754,Indiana Pacers,2,5,24,Made Shot,Jump Shot,2PT Field Goal,Mid-Range,Right Side(R),8-16 ft.,15,-15.4,-1.9,1,made,2015-03-16,IND,TOR,1,2
Shot Chart Detail,0021400990,176,201228,C.J. Watson,1610612754,Indiana Pacers,2,5,10,Made Shot,Jump Shot,2PT Field Goal,In The Paint (Non-RA),Center(C),Less Than 8 ft.,4,-2.8,3.7,1,made,2015-03-16,IND,TOR,1,2
Shot Chart Detail,0021400990,178,201228,C.J. Watson,1610612754,Indiana Pacers,2,5,4,Missed Shot,Layup Shot,2PT Field Goal,Restricted Area,Center(C),Less Than 8 ft.,0,0.5,0.4,1,missed,2015-03-16,IND,TOR,0,2
Shot Chart Detail,0021400990,180,201228,C.J. Watson,1610612754,Indiana Pacers,2,5,1,Missed Shot,Layup Shot,2PT Field Goal,Restricted Area,Center(C),Less Than 8 ft.,2,2.4,0.4,1,missed,2015-03-16,IND,TOR,0,2
Shot Chart Detail,0021401009,193,201228,C.J. Watson,1610612754,Indiana Pacers,2,5,49,Made Shot,Driving Layup Shot,2PT Field Goal,Restricted Area,Center(C),Less Than 8 ft.,1,-1.3,0.1,1,made,2015-03-18,CHI,IND,1,2
Shot Chart Detail,0021401009,390,201228,C.J. Watson,1610612754,Indiana Pacers,3,0,2,Missed Shot,Jump Shot,3PT Field Goal,Above the Break 3,Left Side Center(LC),24+ ft.,24,14.9,18.9,1,missed,2015-03-18,CHI,IND,0,3
Shot Chart Detail,0021401009,412,201228,C.J. Watson,1610612754,Indiana Pacers,4,10,11,Missed Shot,Jump Shot,2PT Field Goal,Mid-Range,Right Side Center(RC),16-24 ft.,18,-14.6,10.7,1,missed,2015-03-18,CHI,IND,0,2
Shot Chart Detail,0021401009,417,201228,C.J. Watson,1610612754,Indiana Pacers,4,9,38,Missed Shot,Running Layup Shot,2PT Field Goal,Restricted Area,Center(C),Less Than 8 ft.,2,-2,1.9,1,missed,2015-03-18,CHI,IND,0,2
Shot Chart Detail,0021401009,436,201228,C.J. Watson,1610612754,Indiana Pacers,4,7,15,Made Shot,Jump Shot,3PT Field Goal,Above the Break 3,Center(C),24+ ft.,25,6.2,24.7,1,made,2015-03-18,CHI,IND,1,3
Shot Chart Detail,0021401009,440,201228,C.J. Watson,1610612754,Indiana Pacers,4,6,47,Made Shot,Jump Shot,3PT Field Goal,Above the Break 3,Left Side Center(LC),24+ ft.,24,12.8,21.1,1,made,2015-03-18,CHI,IND,1,3
Shot Chart Detail,0021401009,446,201228,C.J. Watson,1610612754,Indiana Pacers,4,6,18,Missed Shot,Layup Shot,2PT Field Goal,Restricted Area,Center(C),Less Than 8 ft.,1,-1.3,0.7,1,missed,2015-03-18,CHI,IND,0,2
Shot Chart Detail,0021401009,449,201228,C.J. Watson,1610612754,Indiana Pacers,4,5,52,Missed Shot,Jump Shot,2PT Field Goal,Mid-Range,Right Side(R),8-16 ft.,10,-9.7,2.6,1,missed,2015-03-18,CHI,IND,0,2
Shot Chart Detail,0021401023,148,201228,C.J. Watson,1610612754,Indiana Pacers,2,9,48,Made Shot,Driving Reverse Layup Shot,2PT Field Goal,Restricted Area,Center(C),Less Than 8 ft.,0,0.7,0.7,1,made,2015-03-20,CLE,IND,1,2
Shot Chart Detail,0021401023,155,201228,C.J. Watson,1610612754,Indiana Pacers,2,8,48,Missed Shot,Jump Shot,2PT Field Goal,In The Paint (Non-RA),Center(C),Less Than 8 ft.,7,-6.9,3.3,1,missed,2015-03-20,CLE,IND,0,2
Shot Chart Detail,0021401023,173,201228,C.J. Watson,1610612754,Indiana Pacers,2,7,1,Made Shot,Layup Shot,2PT Field Goal,Restricted Area,Center(C),Less Than 8 ft.,0,0,-0.2,1,made,2015-03-20,CLE,IND,1,2
Shot Chart Detail,0021401023,179,201228,C.J. Watson,1610612754,Indiana Pacers,2,6,18,Missed Shot,Jump Shot,2PT Field Goal,Mid-Range,Left Side(L),8-16 ft.,15,14.6,4.4,1,missed,2015-03-20,CLE,IND,0,2
Shot Chart Detail,0021401023,261,201228,C.J. Watson,1610612754,Indiana Pacers,2,0,15,Made Shot,Jump Shot,2PT Field Goal,Mid-Range,Left Side(L),16-24 ft.,20,18.8,9.1,1,made,2015-03-20,CLE,IND,1,2
Shot Chart Detail,0021401023,386,201228,C.J. Watson,1610612754,Indiana Pacers,4,11,37,Missed Shot,Jump Shot,2PT Field Goal,In The Paint (Non-RA),Center(C),Less Than 8 ft.,7,-2.6,7.1,1,missed,2015-03-20,CLE,IND,0,2
Shot Chart Detail,0021401023,414,201228,C.J. Watson,1610612754,Indiana Pacers,4,9,0,Made Shot,Jump Shot,3PT Field Goal,Above the Break 3,Left Side Center(LC),24+ ft.,25,15.8,20.5,1,made,2015-03-20,CLE,IND,1,3
Shot Chart Detail,0021401023,437,201228,C.J. Watson,1610612754,Indiana Pacers,4,6,13,Missed Shot,Jump Shot,2PT Field Goal,Mid-Range,Left Side Center(LC),16-24 ft.,18,8.7,16.7,1,missed,2015-03-20,CLE,IND,0,2
Shot Chart Detail,0021401032,144,201228,C.J. Watson,1610612754,Indiana Pacers,2,7,53,Missed Shot,Jump Shot,3PT Field Goal,Above the Break 3,Center(C),24+ ft.,25,6.2,25.2,1,missed,2015-03-21,IND,BKN,0,3
Shot Chart Detail,0021401032,154,201228,C.J. Watson,1610612754,Indiana Pacers,2,6,59,Missed Shot,Jump Shot,3PT Field Goal,Above the Break 3,Center(C),24+ ft.,27,6.7,26.9,1,missed,2015-03-21,IND,BKN,0,3
Shot Chart Detail,0021401032,367,201228,C.J. Watson,1610612754,Indiana Pacers,4,11,4,Missed Shot,Jump Shot,3PT Field Goal,Above the Break 3,Left Side Center(LC),24+ ft.,27,12.5,24.4,1,missed,2015-03-21,IND,BKN,0,3
Shot Chart Detail,0021401032,369,201228,C.J. Watson,1610612754,Indiana Pacers,4,10,59,Missed Shot,Jump Shot,3PT Field Goal,Above the Break 3,Center(C),24+ ft.,25,0.2,25,1,missed,2015-03-21,IND,BKN,0,3
Shot Chart Detail,0021401032,453,201228,C.J. Watson,1610612754,Indiana Pacers,4,2,19,Missed Shot,Jump Shot,3PT Field Goal,Above the Break 3,Left Side Center(LC),24+ ft.,25,12.3,22.8,1,missed,2015-03-21,IND,BKN,0,3
Shot Chart Detail,0021401032,486,201228,C.J. Watson,1610612754,Indiana Pacers,4,0,21,Missed Shot,Jump Shot,3PT Field Goal,Above the Break 3,Right Side Center(RC),24+ ft.,26,-18.5,19.2,1,missed,2015-03-21,IND,BKN,0,3
Shot Chart Detail,0021401048,121,201228,C.J. Watson,1610612754,Indiana Pacers,1,0,29,Made Shot,Jump Shot,2PT Field Goal,Mid-Range,Left Side Center(LC),16-24 ft.,20,14.9,14.5,1,made,2015-03-23,IND,HOU,1,2
Shot Chart Detail,0021401048,139,201228,C.J. Watson,1610612754,Indiana Pacers,2,11,1,Made Shot,Fadeaway Jump Shot,2PT Field Goal,Mid-Range,Left Side(L),8-16 ft.,15,13.6,6.4,1,made,2015-03-23,IND,HOU,1,2
Shot Chart Detail,0021401048,141,201228,C.J. Watson,1610612754,Indiana Pacers,2,10,44,Missed Shot,Layup Shot,2PT Field Goal,Restricted Area,Center(C),Less Than 8 ft.,0,0.4,0.1,1,missed,2015-03-23,IND,HOU,0,2
Shot Chart Detail,0021401048,170,201228,C.J. Watson,1610612754,Indiana Pacers,2,8,14,Made Shot,Jump Shot,3PT Field Goal,Above the Break 3,Left Side Center(LC),24+ ft.,27,14.7,22.8,1,made,2015-03-23,IND,HOU,1,3
Shot Chart Detail,0021401048,199,201228,C.J. Watson,1610612754,Indiana Pacers,2,5,17,Made Shot,Jump Shot,3PT Field Goal,Above the Break 3,Left Side Center(LC),24+ ft.,25,11.4,22.4,1,made,2015-03-23,IND,HOU,1,3
Shot Chart Detail,0021401048,343,201228,C.J. Watson,1610612754,Indiana Pacers,3,0,56,Missed Shot,Jump Shot,2PT Field Goal,Mid-Range,Left Side(L),16-24 ft.,17,15.5,8.8,1,missed,2015-03-23,IND,HOU,0,2
Shot Chart Detail,0021401048,368,201228,C.J. Watson,1610612754,Indiana Pacers,4,11,13,Missed Shot,Jump Shot,3PT Field Goal,Right Corner 3,Right Side(R),24+ ft.,22,-22.6,-1.1,1,missed,2015-03-23,IND,HOU,0,3
Shot Chart Detail,0021401048,475,201228,C.J. Watson,1610612754,Indiana Pacers,4,3,36,Made Shot,Jump Shot,3PT Field Goal,Above the Break 3,Left Side Center(LC),24+ ft.,27,11.1,24.7,1,made,2015-03-23,IND,HOU,1,3
Shot Chart Detail,0021401048,495,201228,C.J. Watson,1610612754,Indiana Pacers,4,1,19,Made Shot,Jump Shot,2PT Field Goal,Mid-Range,Left Side(L),16-24 ft.,21,21.3,-1.1,1,made,2015-03-23,IND,HOU,1,2
Shot Chart Detail,0021401048,518,201228,C.J. Watson,1610612754,Indiana Pacers,4,0,21,Made Shot,Pullup Jump shot,3PT Field Goal,Above the Break 3,Right Side Center(RC),24+ ft.,27,-16.6,21.6,1,made,2015-03-23,IND,HOU,1,3
Shot Chart Detail,0021401063,101,201228,C.J. Watson,1610612754,Indiana Pacers,1,1,13,Missed Shot,Layup Shot,2PT Field Goal,Restricted Area,Center(C),Less Than 8 ft.,2,-1.3,1.7,1,missed,2015-03-25,WAS,IND,0,2
Shot Chart Detail,0021401063,144,201228,C.J. Watson,1610612754,Indiana Pacers,2,10,28,Missed Shot,Jump Shot,3PT Field Goal,Above the Break 3,Center(C),24+ ft.,29,3.5,29,1,missed,2015-03-25,WAS,IND,0,3
Shot Chart Detail,0021401063,146,201228,C.J. Watson,1610612754,Indiana Pacers,2,10,21,Made Shot,Pullup Jump shot,2PT Field Goal,Mid-Range,Left Side Center(LC),16-24 ft.,20,12.2,16.5,1,made,2015-03-25,WAS,IND,1,2
Shot Chart Detail,0021401063,149,201228,C.J. Watson,1610612754,Indiana Pacers,2,9,54,Missed Shot,Layup Shot,2PT Field Goal,Restricted Area,Center(C),Less Than 8 ft.,1,0.7,1.4,1,missed,2015-03-25,WAS,IND,0,2
Shot Chart Detail,0021401063,155,201228,C.J. Watson,1610612754,Indiana Pacers,2,9,0,Made Shot,Floating Jump shot,2PT Field Goal,Mid-Range,Right Side(R),8-16 ft.,14,-14.3,1.1,1,made,2015-03-25,WAS,IND,1,2
Shot Chart Detail,0021401063,186,201228,C.J. Watson,1610612754,Indiana Pacers,2,6,1,Missed Shot,Jump Shot,2PT Field Goal,Mid-Range,Left Side Center(LC),16-24 ft.,18,11.9,13.7,1,missed,2015-03-25,WAS,IND,0,2
Shot Chart Detail,0021401063,223,201228,C.J. Watson,1610612754,Indiana Pacers,2,3,15,Made Shot,Pullup Jump shot,3PT Field Goal,Above the Break 3,Right Side Center(RC),24+ ft.,25,-16.3,20.1,1,made,2015-03-25,WAS,IND,1,3
Shot Chart Detail,0021401063,409,201228,C.J. Watson,1610612754,Indiana Pacers,3,0,59,Missed Shot,Jump Shot,2PT Field Goal,Mid-Range,Right Side Center(RC),16-24 ft.,18,-12.5,13.1,1,missed,2015-03-25,WAS,IND,0,2
Shot Chart Detail,0021401063,440,201228,C.J. Watson,1610612754,Indiana Pacers,4,10,29,Made Shot,Driving Layup Shot,2PT Field Goal,Restricted Area,Center(C),Less Than 8 ft.,1,-0.9,1.7,1,made,2015-03-25,WAS,IND,1,2
Shot Chart Detail,0021401063,472,201228,C.J. Watson,1610612754,Indiana Pacers,4,7,45,Missed Shot,Jump Shot,3PT Field Goal,Left Corner 3,Left Side(L),24+ ft.,22,22.8,1.1,1,missed,2015-03-25,WAS,IND,0,3
Shot Chart Detail,0021401063,490,201228,C.J. Watson,1610612754,Indiana Pacers,4,7,5,Missed Shot,Jump Shot,3PT Field Goal,Above the Break 3,Right Side Center(RC),24+ ft.,27,-15.5,22.4,1,missed,2015-03-25,WAS,IND,0,3
Shot Chart Detail,0021401073,95,201228,C.J. Watson,1610612754,Indiana Pacers,1,2,16,Missed Shot,Jump Shot,3PT Field Goal,Left Corner 3,Left Side(L),24+ ft.,22,22.9,-0.3,1,missed,2015-03-26,MIL,IND,0,3
Shot Chart Detail,0021401073,115,201228,C.J. Watson,1610612754,Indiana Pacers,1,0,12,Made Shot,Jump Shot,2PT Field Goal,Mid-Range,Left Side(L),16-24 ft.,17,16.4,6.7,1,made,2015-03-26,MIL,IND,1,2
Shot Chart Detail,0021401073,122,201228,C.J. Watson,1610612754,Indiana Pacers,2,11,30,Made Shot,Jump Shot,3PT Field Goal,Above the Break 3,Center(C),24+ ft.,25,-0.1,25,1,made,2015-03-26,MIL,IND,1,3
Shot Chart Detail,0021401073,178,201228,C.J. Watson,1610612754,Indiana Pacers,2,5,5,Missed Shot,Jump Shot,2PT Field Goal,Mid-Range,Right Side Center(RC),16-24 ft.,21,-12.2,17.2,1,missed,2015-03-26,MIL,IND,0,2
Shot Chart Detail,0021401073,334,201228,C.J. Watson,1610612754,Indiana Pacers,3,6,11,Missed Shot,Layup Shot,2PT Field Goal,Restricted Area,Center(C),Less Than 8 ft.,0,0,0.7,1,missed,2015-03-26,MIL,IND,0,2
Shot Chart Detail,0021401073,406,201228,C.J. Watson,1610612754,Indiana Pacers,3,0,41,Made Shot,Layup Shot,2PT Field Goal,Restricted Area,Center(C),Less Than 8 ft.,0,0,0.1,1,made,2015-03-26,MIL,IND,1,2
Shot Chart Detail,0021401073,465,201228,C.J. Watson,1610612754,Indiana Pacers,4,6,59,Missed Shot,Jump Shot,3PT Field Goal,Above the Break 3,Left Side Center(LC),24+ ft.,25,19.6,16.8,1,missed,2015-03-26,MIL,IND,0,3
Shot Chart Detail,0021401073,504,201228,C.J. Watson,1610612754,Indiana Pacers,4,4,6,Made Shot,Jump Shot,3PT Field Goal,Right Corner 3,Right Side(R),24+ ft.,23,-23.4,-1.6,1,made,2015-03-26,MIL,IND,1,3
Shot Chart Detail,0021401073,516,201228,C.J. Watson,1610612754,Indiana Pacers,4,2,57,Missed Shot,Jump Shot,2PT Field Goal,Mid-Range,Left Side(L),16-24 ft.,19,18,6.1,1,missed,2015-03-26,MIL,IND,0,2
Shot Chart Detail,0021401099,106,201228,C.J. Watson,1610612754,Indiana Pacers,1,1,10,Missed Shot,Jump Shot,2PT Field Goal,Mid-Range,Right Side Center(RC),16-24 ft.,18,-8.6,16,1,missed,2015-03-29,IND,DAL,0,2
Shot Chart Detail,0021401099,163,201228,C.J. Watson,1610612754,Indiana Pacers,2,8,43,Made Shot,Pullup Jump shot,2PT Field Goal,Mid-Range,Center(C),16-24 ft.,16,-1.2,16.8,1,made,2015-03-29,IND,DAL,1,2
Shot Chart Detail,0021401099,179,201228,C.J. Watson,1610612754,Indiana Pacers,2,6,20,Missed Shot,Jump Shot,3PT Field Goal,Above the Break 3,Left Side Center(LC),24+ ft.,29,11.6,27.1,1,missed,2015-03-29,IND,DAL,0,3
Shot Chart Detail,0021401099,445,201228,C.J. Watson,1610612754,Indiana Pacers,4,8,18,Made Shot,Driving Reverse Layup Shot,2PT Field Goal,Restricted Area,Center(C),Less Than 8 ft.,0,-0.9,-0.2,1,made,2015-03-29,IND,DAL,1,2
Shot Chart Detail,0021401099,524,201228,C.J. Watson,1610612754,Indiana Pacers,4,0,38,Missed Shot,Jump Shot,3PT Field Goal,Left Corner 3,Left Side(L),24+ ft.,24,24.5,-0.8,1,missed,2015-03-29,IND,DAL,0,3
Shot Chart Detail,0021401108,148,201228,C.J. Watson,1610612754,Indiana Pacers,2,8,28,Made Shot,Jump Shot,3PT Field Goal,Left Corner 3,Left Side(L),24+ ft.,22,22.8,-1.7,1,made,2015-03-31,BKN,IND,1,3
Shot Chart Detail,0021401108,174,201228,C.J. Watson,1610612754,Indiana Pacers,2,5,46,Made Shot,Pullup Jump shot,3PT Field Goal,Above the Break 3,Right Side Center(RC),24+ ft.,24,-15.1,19.7,1,made,2015-03-31,BKN,IND,1,3
Shot Chart Detail,0021401108,183,201228,C.J. Watson,1610612754,Indiana Pacers,2,4,37,Made Shot,Jump Shot,2PT Field Goal,Mid-Range,Right Side Center(RC),16-24 ft.,22,-13,18.6,1,made,2015-03-31,BKN,IND,1,2
Shot Chart Detail,0021401108,185,201228,C.J. Watson,1610612754,Indiana Pacers,2,4,18,Made Shot,Driving Layup Shot,2PT Field Goal,Restricted Area,Center(C),Less Than 8 ft.,1,-1.8,0.1,1,made,2015-03-31,BKN,IND,1,2
Shot Chart Detail,0021401108,375,201228,C.J. Watson,1610612754,Indiana Pacers,4,11,22,Missed Shot,Jump Shot,3PT Field Goal,Above the Break 3,Center(C),24+ ft.,24,6.7,23.9,1,missed,2015-03-31,BKN,IND,0,3
Shot Chart Detail,0021401115,107,201228,C.J. Watson,1610612754,Indiana Pacers,1,0,0,Missed Shot,Jump Shot,3PT Field Goal,Above the Break 3,Center(C),24+ ft.,37,-10.6,36.4,1,missed,2015-04-01,BOS,IND,0,3
Shot Chart Detail,0021401115,142,201228,C.J. Watson,1610612754,Indiana Pacers,2,8,49,Missed Shot,Jump Shot,2PT Field Goal,Mid-Range,Right Side(R),8-16 ft.,14,-14,4.8,1,missed,2015-04-01,BOS,IND,0,2
Shot Chart Detail,0021401115,156,201228,C.J. Watson,1610612754,Indiana Pacers,2,7,9,Missed Shot,Reverse Layup Shot,2PT Field Goal,Restricted Area,Center(C),Less Than 8 ft.,1,-1.3,1.2,1,missed,2015-04-01,BOS,IND,0,2
Shot Chart Detail,0021401115,172,201228,C.J. Watson,1610612754,Indiana Pacers,2,5,41,Made Shot,Jump Shot,3PT Field Goal,Above the Break 3,Right Side Center(RC),24+ ft.,24,-13.3,21.1,1,made,2015-04-01,BOS,IND,1,3
Shot Chart Detail,0021401115,208,201228,C.J. Watson,1610612754,Indiana Pacers,2,2,48,Made Shot,Jump Shot,2PT Field Goal,Mid-Range,Left Side Center(LC),16-24 ft.,18,13.3,13.4,1,made,2015-04-01,BOS,IND,1,2
Shot Chart Detail,0021401115,213,201228,C.J. Watson,1610612754,Indiana Pacers,2,1,47,Missed Shot,Jump Shot,3PT Field Goal,Above the Break 3,Left Side Center(LC),24+ ft.,26,17.7,20.1,1,missed,2015-04-01,BOS,IND,0,3
Shot Chart Detail,0021401115,347,201228,C.J. Watson,1610612754,Indiana Pacers,3,0,39,Missed Shot,Fadeaway Jump Shot,2PT Field Goal,Mid-Range,Left Side(L),8-16 ft.,10,10.6,2.5,1,missed,2015-04-01,BOS,IND,0,2
Shot Chart Detail,0021401127,106,201228,C.J. Watson,1610612754,Indiana Pacers,1,0,16,Made Shot,Jump Shot,3PT Field Goal,Above the Break 3,Left Side Center(LC),24+ ft.,26,9.8,25,1,made,2015-04-03,IND,CHA,1,3
Shot Chart Detail,0021401127,143,201228,C.J. Watson,1610612754,Indiana Pacers,2,9,44,Missed Shot,Jump Shot,2PT Field Goal,Mid-Range,Right Side Center(RC),16-24 ft.,17,-8.4,14.9,1,missed,2015-04-03,IND,CHA,0,2
Shot Chart Detail,0021401127,161,201228,C.J. Watson,1610612754,Indiana Pacers,2,8,0,Made Shot,Floating Jump shot,2PT Field Goal,In The Paint (Non-RA),Left Side(L),8-16 ft.,11,7,8.6,1,made,2015-04-03,IND,CHA,1,2
Shot Chart Detail,0021401127,166,201228,C.J. Watson,1610612754,Indiana Pacers,2,7,13,Made Shot,Layup Shot,2PT Field Goal,Restricted Area,Center(C),Less Than 8 ft.,1,-1.7,0,1,made,2015-04-03,IND,CHA,1,2
Shot Chart Detail,0021401127,181,201228,C.J. Watson,1610612754,Indiana Pacers,2,6,10,Missed Shot,Jump Shot,2PT Field Goal,Mid-Range,Right Side(R),16-24 ft.,18,-17.3,7.7,1,missed,2015-04-03,IND,CHA,0,2
Shot Chart Detail,0021401127,235,201228,C.J. Watson,1610612754,Indiana Pacers,2,2,3,Missed Shot,Jump Shot,3PT Field Goal,Left Corner 3,Left Side(L),24+ ft.,22,22.9,-1.1,1,missed,2015-04-03,IND,CHA,0,3
Shot Chart Detail,0021401127,399,201228,C.J. Watson,1610612754,Indiana Pacers,4,10,46,Made Shot,Running Jump Shot,2PT Field Goal,In The Paint (Non-RA),Right Side(R),8-16 ft.,9,-5.3,7.4,1,made,2015-04-03,IND,CHA,1,2
Shot Chart Detail,0021401127,441,201228,C.J. Watson,1610612754,Indiana Pacers,4,5,56,Made Shot,Layup Shot,2PT Field Goal,Restricted Area,Center(C),Less Than 8 ft.,0,-0.6,0.3,1,made,2015-04-03,IND,CHA,1,2
